,gas/electric,rent length,bedrooms,price,bathrooms,master,storage?,balcony/garden,electric/solar,AC,parking,SK,public transpo,loud neighborhood,construction to building,furnished?,pets,smoke,livingroom,accessible?,where,city,phone number,name
0,3,6,4,3000,2,3,3,1,3,5,1,5,5,1,3,5,1,1,3,1,Jerusalem ,1,1000000,person0
1,3,12,4,3000,1,3,2,3,1,3,2,5,4,4,3,3,1,1,2,2,Jerusalem ,1,1000001,person1
2,3,12,6,8000,2,2,2,5,3,5,1,1,5,4,3,4,5,4,4,4,Beer Sheba,1,1000002,person2
3,4,12,3,4000,1,3,3,3,5,2,1,4,4,2,4,3,1,1,4,3,Beer Sheba,1,1000003,person3
4,1,24,3,4000,1,5,3,5,3,1,1,5,5,4,5,3,5,5,4,4, ,0,1000004,person4
5,5,24,4,2000,1.5,1,2,2,1,2,2,5,5,3,3,4,1,1,2,1, ,1,1000005,person5
6,3,2,2,3000,1,1,1,2,1,3,1,5,5,2,2,5,1,5,1,1,Jerusalem ,1,1000006,person6
7,3,6,4,2000,1.5,2,4,2,3,4,1,5,4,2,3,4,1,1,2,3, ,1,1000007,person7
8,1,12,3,3000,1,5,2,1,1,1,1,1,4,3,4,4,2,3,2,3, ,1,1000008,person8
9,3,12,5,3000,2,1,4,4,1,4,1,5,5,4,2,4,3,1,4,5, ,1,1000009,person9
10,4,1,3,4000,1,3,3,4,4,2,1,1,5,5,4,3,1,1,3,2, ,,1000010,person10
11,4,12,3,2000,1,1,2,2,4,3,1,4,5,1,4,3,3,1,4,1, ,1,1000011,person11
12,4,12,3,4000,1.5,3,3,5,5,4,4,5,4,5,5,3,1,1,4,3,Jerusalem ,1,1000012,person12
13,4,12,4,2000,1.5,1,3,3,2,4,1,5,5,3,2,4,1,1,4,1, ,1,1000013,person13
14,5,6,1,3000,1,1,1,1,3,4,1,5,5,1,1,5,1,3,4,4,Merkaz,1,1000014,person14
15,3,12,3,4000,1,1,3,2,2,3,3,3,1,1,1,2,1,3,2,1, ,1,1000015,person15
16,4,12,3,3000,1,2,2,4,5,3,1,5,5,4,4,2,5,3,3,2, ,1,1000016,person16
17,3,12,3,6000,1.5,1,2,2,2,3,1,5,5,3,2,2,1,1,3,2,Beer Sheba,1,1000017,person17
18,5,12,3,4000,1.5,1,4,4,2,1,1,3,5,1,3,3,5,3,4,3,Jerusalem ,1,1000018,person18
19,3,12,2,3000,1,1,1,2,2,1,1,5,5,3,5,1,5,1,3,1,Beer Sheba,1,1000019,person19
20,3,1,1,3000,1,1,1,1,1,1,1,3,4,1,1,5,1,3,1,1, ,,1000020,person20
21,5,12,4,6000,1.5,1,4,3,2,4,1,3,5,1,3,3,1,1,3,1,Beer Sheba,1,1000021,person21
22,4,12,3,4000,1,2,4,3,2,4,2,4,4,2,4,4,2,1,4,3,Beer Sheba,1,1000022,person22
23,4,12,5,4000,1.5,2,2,4,4,4,1,4,5,5,5,3,1,1,4,5,Beer Sheba,1,1000023,person23
24,5,12,5,4000,2,4,4,5,4,5,1,3,5,5,5,1,2,2,4,3, ,,1000024,person24
25,3,1,3,4000,2,5,1,2,3,4,4,5,1,3,4,5,2,1,4,4, ,1,1000025,person25
26,3,12,3,2000,2,4,4,5,3,3,2,5,5,2,4,2,1,4,4,2, ,1,1000026,person26
27,3,12,3,6000,1.5,1,4,3,4,5,4,5,5,3,5,1,3,1,4,4, ,1,1000027,person27
28,5,24,3,4000,2,1,1,1,5,1,1,1,5,1,3,1,5,1,1,1, ,1,1000028,person28
29,3,12,4,3000,1.5,1,1,3,3,3,1,5,5,3,3,3,1,2,2,1,Jerusalem ,1,1000029,person29
30,5,2,1,3000,1.5,1,1,4,3,3,2,5,5,2,5,4,3,1,3,3, ,1,1000030,person30
31,1,6,3,4000,2,5,3,5,5,5,1,5,5,5,5,5,1,1,5,5, ,1,1000031,person31
32,3,12,3,4000,1.5,4,2,3,3,5,1,3,4,3,4,3,1,1,2,2, ,1,1000032,person32
33,2,6,4,6000,1,2,2,3,3,4,1,5,4,3,4,4,1,1,4,4, ,1,1000033,person33
34,5,12,4,7000,1.5,3,4,5,4,1,1,5,5,4,3,1,5,1,3,1, ,1,1000034,person34
35,3,12,5,3000,2,2,3,3,3,3,1,5,4,2,2,5,3,1,3,4,Jerusalem ,1,1000035,person35
36,5,12,3,4000,2,1,3,4,5,5,5,5,4,2,2,1,1,1,5,5, ,1,1000036,person36
37,5,24,3,4000,1.5,5,5,4,5,5,4,1,5,3,4,1,5,3,5,1, ,1,1000037,person37
38,5,12,5,4000,2,5,4,3,1,5,3,5,1,1,5,1,1,1,5,4, ,1,1000038,person38
39,5,6,4,4000,2,1,1,2,5,5,3,5,5,1,5,1,1,1,2,4, ,1,1000039,person39
40,5,6,3,4000,1.5,3,3,4,4,5,2,4,4,3,2,4,4,2,4,3, ,1,1000040,person40
41,3,12,2,3000,1,4,4,2,2,3,5,1,4,4,4,2,5,3,3,5, ,0,1000041,person41
42,3,12,1,2000,1,4,1,4,3,3,5,2,1,1,2,4,1,1,2,1, ,1,1000042,person42
43,1,6,3,3000,1,3,2,4,4,5,1,4,4,4,4,5,1,5,5,5, ,1,1000043,person43
44,1,12,1,3000,1.5,3,2,4,4,2,1,5,5,2,2,4,5,1,4,3, ,0,1000044,person44
45,5,6,3,3000,2,5,3,4,2,5,4,5,5,1,1,3,4,2,4,2, ,1,1000045,person45
46,3,2,2,2000,1.5,2,1,4,1,4,1,5,5,1,1,4,1,4,1,1, ,1,1000046,person46
47,4,12,3,3000,1.5,3,3,5,3,4,2,5,5,4,4,4,5,1,3,3, ,1,1000047,person47
48,3,12,4,3000,2,1,3,5,4,2,1,1,5,4,3,4,5,1,3,4, ,0,1000048,person48
49,3,6,2,4000,1,4,2,2,4,2,1,5,5,3,3,4,3,1,4,3, ,1,1000049,person49
50,1,12,5,3000,2,3,3,2,3,3,1,4,5,3,5,4,2,1,4,2,Jerusalem ,1,1000050,person50
51,4,6,4,3000,2,3,3,3,3,4,1,5,5,3,1,4,1,1,4,5, ,1,1000051,person51
52,5,24,5,8000,2,5,5,5,3,5,5,5,3,5,5,1,1,1,5,5, ,0,1000052,person52
53,3,12,4,8000,1,1,1,3,2,4,1,2,4,1,3,3,1,1,3,4,Jerusalem ,1,1000053,person53
54,2,12,3,4000,2,5,4,5,4,5,5,5,5,5,5,3,4,1,4,5, ,,1000054,person54
55,4,12,4,2000,1.5,2,3,3,5,3,1,5,3,1,4,4,1,1,3,2, ,1,1000055,person55
56,5,12,3,3000,1.5,5,2,5,5,1,1,1,5,5,5,5,5,1,4,1,Haifa,1,1000056,person56
57,5,12,2,2000,1,5,3,5,4,3,2,5,5,5,3,3,5,3,3,1, ,0,1000057,person57
58,3,12,2,5000,1.5,5,1,3,2,4,1,4,5,4,3,4,1,1,4,3, ,1,1000058,person58
59,4,24,4,8000,2,4,3,5,4,4,2,5,5,3,5,2,4,1,3,3,Beer Sheba,1,1000059,person59
60,5,24,4,5000,1.5,3,3,4,5,4,1,4,5,3,5,1,2,1,5,4,Beer Sheba,,1000060,person60
61,1,12,4,3000,1.5,3,2,5,4,3,4,5,5,5,5,1,5,5,3,2,Beer Sheba,1,1000061,person61
62,5,24,3,8000,2,5,3,5,5,5,1,1,3,3,5,1,1,1,3,3,Beer Sheba,1,1000062,person62
63,4,6,3,2000,1,3,3,5,4,4,2,2,5,3,4,4,3,5,4,4, ,1,1000063,person63
64,5,12,5,3000,1.5,4,3,3,3,2,1,5,5,4,2,5,2,1,4,2, ,1,1000064,person64
65,4,12,4,6000,2,1,1,3,4,3,1,5,5,4,4,4,1,1,4,1, ,1,1000065,person65
66,3,24,3,4000,1,3,3,5,5,4,3,3,5,4,4,1,5,5,5,3, ,1,1000066,person66
67,5,1,4,4000,1.5,2,2,4,2,3,1,5,5,2,5,1,1,1,5,1,Jerusalem ,1,1000067,person67
68,4,6,4,4000,2,2,3,4,3,4,5,5,5,5,5,2,1,1,5,4, ,1,1000068,person68
69,4,24,5,8000,2,5,4,5,4,5,5,2,4,4,4,1,1,1,5,5, ,1,1000069,person69
70,3,24,3,4000,1,1,3,5,4,3,1,3,5,5,5,2,5,1,2,5, ,1,1000070,person70
71,5,24,2,4000,1,1,1,5,1,5,1,5,5,3,5,4,1,1,4,1, ,1,1000071,person71
72,5,24,4,6000,1.5,3,3,5,5,2,2,4,4,5,4,1,5,1,4,2, ,,1000072,person72
73,5,12,5,7000,2,4,4,3,4,5,4,5,2,3,5,2,1,1,4,5, ,,1000073,person73
74,3,12,3,3000,1.5,1,3,3,4,3,1,5,5,1,3,3,3,2,3,3,Jerusalem ,1,1000074,person74
75,5,24,3,5000,1.5,3,4,5,5,5,4,1,5,3,4,3,5,5,5,3, ,1,1000075,person75
76,5,12,3,4000,2,1,4,4,4,5,5,5,3,4,5,3,1,1,4,2,Otef Azza,0,1000076,person76
77,3,12,4,2000,1.5,2,4,4,5,5,2,5,5,4,4,5,4,1,4,2,Otef Azza,0,1000077,person77
78,5,12,2,4000,1,1,1,3,3,5,1,5,5,5,5,3,5,1,3,1, ,1,1000078,person78
79,5,12,4,6000,2,3,3,5,5,5,2,3,5,4,5,1,3,1,3,4, ,1,1000079,person79
80,1,12,3,5000,1.5,3,4,4,3,4,5,1,3,5,5,1,5,1,3,5, ,1,1000080,person80
81,4,12,2,4000,1,1,3,3,5,5,3,1,5,4,5,2,3,3,5,3, ,1,1000081,person81
82,5,12,4,4000,1.5,1,2,1,2,3,4,2,5,5,5,1,5,3,3,3, ,1,1000082,person82
83,5,12,6,3000,2,1,3,4,5,3,5,3,1,3,4,1,3,1,3,3, ,1,1000083,person83
84,5,24,2,4000,1,1,5,3,3,5,1,3,5,5,5,1,1,1,3,5, ,1,1000084,person84
85,1,12,3,3000,1.5,1,5,4,5,4,1,1,3,3,5,3,5,2,3,3,Beer Sheba,1,1000085,person85
86,3,12,5,6000,1.5,5,5,5,4,5,4,5,5,3,4,3,1,2,5,5,Beer Sheba,,1000086,person86
87,5,6,4,6000,2,5,3,4,4,4,4,4,4,3,4,3,1,1,2,5,Beer Sheba,1,1000087,person87
88,3,12,3,4000,1.5,2,4,5,3,5,1,5,5,3,4,4,2,1,3,2,Beer Sheba,1,1000088,person88
89,5,12,4,6000,2,4,5,5,5,5,1,4,5,5,5,1,1,1,3,5, ,1,1000089,person89
90,5,24,4,3000,1.5,1,2,5,5,3,2,5,5,3,3,1,1,1,5,4, ,1,1000090,person90
91,3,24,4,7000,1.5,3,3,5,3,5,2,5,4,5,5,1,5,1,5,5, ,1,1000091,person91
92,3,6,3,8000,2,1,3,3,3,4,1,3,5,5,3,5,1,2,3,3, ,1,1000092,person92
93,1,12,2,4000,1,4,2,2,4,2,2,1,5,4,5,4,1,1,1,2, ,1,1000093,person93
94,5,24,4,7000,1,4,2,5,4,4,1,1,5,3,4,1,5,1,3,1, ,,1000094,person94
95,5,24,5,4000,1.5,4,3,4,4,4,3,2,2,4,4,2,2,1,3,4,Otef Azza,0,1000095,person95
96,5,12,5,4000,1.5,3,4,4,2,2,2,5,3,3,4,1,5,1,4,4,Otef Azza,0,1000096,person96
97,5,24,5,4000,2,2,2,5,5,3,1,5,5,5,5,1,5,1,5,3,Jerusalem ,1,1000097,person97
98,5,12,5,4000,2,5,5,5,5,3,2,5,5,3,5,3,3,3,5,5,Otef Azza,0,1000098,person98
99,5,12,2,5000,1,2,4,4,5,5,3,1,4,4,5,2,4,5,4,2, ,1,1000099,person99
100,5,12,3,5000,2,3,3,3,5,5,5,3,4,5,5,3,1,3,3,5,Otef Azza,0,1000100,person100
101,5,12,4,4000,1.5,1,3,3,4,5,1,5,5,3,3,3,3,1,5,5, ,,1000101,person101
102,5,12,3,4000,1,3,3,5,3,3,1,1,5,5,4,3,3,2,4,1, ,1,1000102,person102
103,4,6,4,4000,2,3,2,3,5,5,2,5,5,2,3,4,1,1,4,3,Jerusalem ,1,1000103,person103
104,5,24,4,6000,2,5,4,5,5,5,2,2,5,5,5,1,5,1,4,5, ,1,1000104,person104
105,1,12,2,5000,1,5,3,5,5,5,5,1,5,5,5,1,2,4,4,5, ,1,1000105,person105
106,5,12,2,4000,1,1,2,4,5,5,2,5,5,5,5,1,5,1,1,1,Jerusalem ,1,1000106,person106
107,5,24,4,5000,1.5,4,5,5,5,4,5,5,5,3,5,1,5,1,5,3,Otef Azza,0,1000107,person107
108,5,12,4,5000,1.5,4,2,4,5,5,4,5,4,5,4,1,1,1,5,3, ,1,1000108,person108
109,5,12,5,4000,1.5,1,2,2,5,3,1,5,5,3,3,4,4,1,4,4,Jerusalem ,1,1000109,person109
110,4,12,4,4000,1.5,3,4,1,3,5,1,4,5,4,3,1,4,5,4,1, ,1,1000110,person110
111,5,12,4,4000,1.5,1,2,4,5,3,2,5,5,3,5,1,1,1,3,5,Otef Azza,0,1000111,person111
112,5,12,6,4000,2,4,3,5,1,1,5,5,2,3,2,3,4,1,5,5,Otef Azza,0,1000112,person112
113,5,12,3,3000,1,1,1,4,5,5,1,5,5,3,4,4,1,1,4,3, ,1,1000113,person113
114,1,6,3,6000,1,3,3,5,5,5,4,5,5,5,2,3,5,1,5,1, ,1,1000114,person114
115,5,,5,7000,2,5,5,5,5,5,5,1,4,4,5,3,4,1,4,5, ,1,1000115,person115
116,3,12,2,3000,1,1,3,1,1,1,1,5,5,4,4,3,1,1,2,3, ,1,1000116,person116
117,1,2,1,3000,1,1,2,5,3,5,1,5,5,1,1,5,1,2,1,2, ,1,1000117,person117
118,1,12,3,7000,1.5,1,1,3,5,4,1,1,5,5,5,3,4,4,4,4, ,1,1000118,person118
119,5,24,6,8000,2,5,4,5,5,5,5,5,3,4,5,1,1,1,5,5, ,1,1000119,person119
120,5,2,6,6000,2,5,3,4,5,5,4,5,5,5,5,1,1,1,4,3, ,,1000120,person120
121,1,12,3,4000,1,1,1,4,5,3,1,3,5,4,5,1,5,1,4,3, ,1,1000121,person121
122,5,12,2,2000,1.5,1,3,1,5,5,2,5,5,3,4,5,5,4,3,5, ,1,1000122,person122
123,4,24,5,7000,2,5,5,5,5,3,4,4,4,4,5,1,5,1,5,3, ,1,1000123,person123
124,3,12,1,4000,1,4,1,4,4,5,1,5,5,5,5,5,1,1,4,2, ,1,1000124,person124
125,3,24,5,4000,2,4,2,2,2,2,1,5,5,5,5,2,1,1,3,3, ,1,1000125,person125
126,5,24,4,2000,1,1,2,3,4,3,1,5,5,1,3,3,1,1,3,3,Haifa,1,1000126,person126
127,3,24,2,4000,1,5,3,2,3,3,1,1,5,3,3,2,3,3,3,4, ,1,1000127,person127
128,4,12,4,,2,5,5,5,5,5,5,5,5,2,4,5,3,1,4,3, ,1,1000128,person128
129,5,24,5,3000,2,5,5,5,5,4,5,5,3,3,3,2,5,3,5,1, ,0,1000129,person129
130,3,12,4,7000,1.5,1,2,2,3,3,1,5,5,2,2,3,1,1,3,3,Jerusalem ,1,1000130,person130
131,3,12,4,2000,1.5,1,2,1,1,2,1,5,5,5,4,3,3,5,3,4, ,,1000131,person131
132,5,6,2,4000,1.5,4,4,4,5,4,2,5,5,2,3,5,1,1,2,4, ,,1000132,person132
133,1,24,6,8000,2,4,4,5,4,4,4,3,4,3,4,1,1,1,4,3, ,1,1000133,person133
134,2,12,2,4000,1,4,5,4,5,5,3,5,3,4,3,3,3,1,5,5, ,1,1000134,person134
135,4,12,3,6000,2,3,3,5,5,5,3,5,5,3,5,4,1,2,4,3, ,1,1000135,person135
136,5,12,2,2000,1,2,3,4,4,5,4,5,3,3,5,4,4,3,3,3, ,,1000136,person136
137,4,12,2,3000,1.5,2,2,3,4,4,1,1,5,4,4,4,4,1,4,3, ,1,1000137,person137
138,5,12,4,4000,1.5,1,4,3,5,5,1,5,5,5,5,2,2,1,5,5, ,0,1000138,person138
139,3,24,4,4000,2,3,5,4,5,3,3,5,3,3,3,3,1,1,3,5, ,1,1000139,person139
140,4,12,3,3000,1,1,1,2,5,3,1,4,5,2,5,4,1,1,4,1, ,1,1000140,person140
141,5,12,6,4000,2,3,5,5,5,5,4,5,5,3,3,1,5,1,3,5, ,1,1000141,person141
142,5,12,5,7000,2,5,5,5,5,5,5,3,1,3,5,1,1,1,5,5, ,1,1000142,person142
143,5,12,4,2000,1,1,1,1,5,5,3,5,5,5,5,3,2,1,3,3, ,1,1000143,person143
144,4,24,4,3000,2,5,5,4,5,3,1,5,5,5,3,1,5,1,1,5, ,1,1000144,person144
145,1,12,2,4000,1,3,4,3,5,5,2,5,4,4,4,1,2,1,4,1, ,1,1000145,person145
146,1,6,5,6000,2,5,5,5,5,5,4,1,5,4,5,2,1,1,4,4, ,1,1000146,person146
147,1,12,3,6000,1.5,5,5,5,4,5,3,5,5,5,5,1,1,1,5,3, ,1,1000147,person147
148,5,24,5,4000,2,5,5,5,5,5,5,5,1,3,2,1,1,1,4,4, ,0,1000148,person148
149,5,24,4,4000,2,4,4,5,2,3,5,5,5,3,4,1,5,2,5,5, ,0,1000149,person149
150,5,12,3,7000,1.5,5,5,5,5,5,2,5,5,5,4,3,2,1,5,3, ,1,1000150,person150
151,5,12,5,8000,2,5,5,5,5,5,5,1,5,5,5,1,5,5,5,5, ,1,1000151,person151
152,4,12,3,3000,1.5,5,3,2,4,4,2,4,5,3,5,3,2,2,4,3, ,1,1000152,person152
153,5,12,4,8000,1.5,3,1,5,3,3,1,1,5,4,4,1,5,1,3,3, ,1,1000153,person153
154,5,12,5,7000,2,3,1,2,1,5,4,5,5,5,5,5,1,5,5,5, ,1,1000154,person154
155,5,24,1,4000,1,5,3,4,5,4,1,5,5,3,5,3,3,3,4,3, ,1,1000155,person155
156,5,24,4,8000,2,5,5,5,5,5,1,5,5,3,1,1,1,1,4,5, ,1,1000156,person156
157,5,12,4,7000,1.5,1,1,4,5,5,1,5,5,4,1,1,3,4,5,1, ,1,1000157,person157
158,5,1,1,2000,1,1,1,5,2,5,1,5,5,4,2,5,1,1,1,3, ,1,1000158,person158
159,1,24,4,7000,2,4,3,5,2,5,4,4,1,2,2,3,1,3,5,1, ,1,1000159,person159
160,3,12,3,6000,2,5,5,5,3,3,5,1,4,4,4,1,5,1,4,5, ,,1000160,person160
161,3,6,4,4000,1.5,2,2,4,3,4,2,1,5,5,3,3,3,3,3,3, ,1,1000161,person161
162,2,12,3,6000,1,4,3,2,4,5,4,5,5,4,3,4,1,1,2,2,Jerusalem ,1,1000162,person162
163,3,12,3,2000,1.5,2,1,1,2,5,3,1,5,5,5,1,1,1,3,1, ,1,1000163,person163
164,4,24,4,3000,1.5,5,5,5,2,4,3,5,5,2,5,1,3,1,4,5,North,0,1000164,person164
165,5,24,5,6000,2,5,3,5,5,5,5,2,4,1,5,1,1,1,3,5, ,1,1000165,person165
166,5,12,5,8000,2,1,4,4,3,4,3,5,4,3,3,4,1,1,4,4,Merkaz,1,1000166,person166
167,5,12,5,6000,2,5,5,5,1,1,1,1,5,5,5,1,1,5,5,5,Merkaz,1,1000167,person167
168,2,12,2,3000,2,3,5,5,5,5,2,1,5,4,4,5,5,1,3,5, ,1,1000168,person168
169,5,24,6,3000,2,5,5,2,5,2,1,5,5,5,5,3,5,1,5,5, ,1,1000169,person169
170,4,12,3,3000,1,2,3,5,4,5,3,5,2,5,3,3,5,1,3,4,North,0,1000170,person170
171,5,24,3,4000,1.5,3,4,5,3,5,5,5,5,2,3,3,1,1,3,3, ,1,1000171,person171
172,3,12,6,2000,2,1,2,4,4,2,1,5,5,4,4,4,2,1,4,4, ,1,1000172,person172
173,1,24,3,6000,1,1,3,5,5,4,2,5,5,5,5,4,5,3,4,1, ,1,1000173,person173
174,5,12,2,3000,1,5,3,5,1,4,3,3,1,5,5,1,5,5,4,1, ,0,1000174,person174
175,4,12,6,8000,2,4,4,5,5,5,4,3,3,4,5,1,3,1,5,3,Tel Aviv,1,1000175,person175
176,4,12,3,3000,1,1,4,1,5,4,1,1,5,4,3,4,4,1,4,1, ,1,1000176,person176
177,5,12,4,4000,1.5,3,3,3,1,1,3,5,5,5,5,1,4,4,3,3, ,,1000177,person177
178,5,24,5,7000,2,5,5,5,5,5,5,5,1,3,5,3,3,1,5,5, ,1,1000178,person178
179,5,12,4,6000,2,1,5,3,5,5,1,5,5,3,4,2,1,1,3,5, ,1,1000179,person179
180,4,12,3,4000,1,1,5,5,1,5,1,1,5,4,5,1,5,1,4,4, ,1,1000180,person180
181,3,12,2,4000,1,3,4,3,5,5,2,2,5,4,5,5,4,2,4,5, ,1,1000181,person181
182,5,12,4,8000,1.5,5,3,5,5,3,2,3,5,4,3,3,5,1,4,4, ,1,1000182,person182
183,5,24,4,6000,2,2,5,5,4,5,5,2,3,4,5,1,5,1,5,5, ,1,1000183,person183
184,3,12,4,2000,2,1,1,3,1,3,1,5,5,4,3,4,1,3,4,4,Jerusalem ,1,1000184,person184
185,3,6,4,5000,2,3,5,5,5,5,2,5,5,3,3,1,2,1,3,5,Jerusalem ,1,1000185,person185
186,1,12,4,6000,1,3,4,5,1,1,4,1,5,5,5,4,1,1,5,4, ,0,1000186,person186
187,3,24,3,8000,2,5,5,5,5,5,1,4,5,5,5,3,5,1,5,5, ,1,1000187,person187
188,1,12,3,5000,1.5,2,2,2,5,5,1,2,5,3,5,1,2,5,4,3, ,1,1000188,person188
189,5,24,5,6000,2,5,5,3,5,5,5,5,3,2,4,1,5,1,5,4, ,1,1000189,person189
190,5,12,4,8000,1.5,1,1,3,4,1,1,5,5,1,2,1,5,1,1,5,Jerusalem ,1,1000190,person190
191,3,24,4,8000,2,4,4,5,5,4,1,1,5,5,5,5,5,1,5,5, ,1,1000191,person191
192,3,24,3,6000,2,5,3,5,5,5,3,5,5,1,4,1,5,1,3,5, ,1,1000192,person192
193,1,12,3,6000,1,1,3,5,5,5,5,5,1,1,2,2,1,1,4,5, ,1,1000193,person193
194,2,2,3,7000,1.5,4,5,4,5,5,3,1,5,5,5,4,1,1,4,5, ,1,1000194,person194
195,5,12,4,8000,2,3,3,4,2,5,2,5,4,2,5,1,5,1,3,4, ,1,1000195,person195
196,5,6,3,5000,1,3,1,5,5,4,1,1,4,5,5,3,1,1,5,1, ,1,1000196,person196
197,3,6,1,2000,1,5,2,5,5,5,2,5,5,4,5,3,3,1,5,4, ,1,1000197,person197
198,5,24,3,4000,2,4,3,2,5,5,5,2,5,5,5,5,1,1,4,5, ,1,1000198,person198
199,5,6,3,4000,1,5,3,2,5,4,3,5,5,3,2,5,4,1,4,3,Ariel,1,1000199,person199
200,5,12,4,6000,1.5,3,3,5,5,5,3,5,5,1,1,1,5,1,3,5, ,1,1000200,person200
201,5,24,3,4000,1,5,4,5,3,5,1,1,5,5,5,2,1,4,5,5, ,,1000201,person201
202,3,6,3,4000,1,1,3,1,4,5,1,1,4,1,1,4,1,1,3,4,Tel Aviv,1,1000202,person202
203,5,2,4,5000,1.5,2,4,4,5,5,5,1,4,5,5,1,5,1,4,5, ,1,1000203,person203
204,5,24,4,2000,2,1,2,3,4,4,1,5,5,4,2,2,1,1,5,1, ,1,1000204,person204
205,4,12,3,6000,1.5,1,2,3,3,5,1,1,5,3,3,1,1,1,2,1, ,1,1000205,person205
206,2,6,3,2000,2,2,1,5,4,5,1,1,3,5,3,2,2,3,3,1, ,1,1000206,person206
207,5,2,4,9000,2,5,5,5,5,5,5,5,1,4,5,1,5,5,5,4, ,1,1000207,person207
208,5,12,4,5000,1.5,1,3,3,4,3,1,4,5,2,5,1,3,1,4,3, ,1,1000208,person208
209,5,12,3,8000,1,2,2,5,4,5,4,1,5,5,5,1,3,1,4,4, ,1,1000209,person209
210,3,12,5,4000,2,1,2,4,5,2,2,5,3,3,2,1,1,1,4,3, ,0,1000210,person210
211,5,12,3,8000,1.5,3,4,5,1,5,3,1,4,4,5,3,1,1,5,5, ,1,1000211,person211
212,3,24,4,5000,1,1,3,5,4,4,2,3,5,5,5,3,1,1,5,5, ,1,1000212,person212
213,4,12,5,6000,2,4,4,4,5,5,3,5,5,3,4,2,2,1,4,4, ,,1000213,person213
214,3,24,3,4000,1.5,1,4,5,5,1,1,1,5,4,4,1,3,2,3,1,Merkaz,1,1000214,person214
215,5,24,4,7000,2,5,4,5,3,2,4,5,5,2,2,1,1,1,4,5, ,,1000215,person215
216,5,12,4,2000,1.5,3,5,5,5,5,1,1,5,2,4,2,3,1,2,5, ,1,1000216,person216
217,5,24,4,6000,2,4,1,5,5,1,4,5,5,5,5,1,5,1,5,5, ,0,1000217,person217
218,5,12,3,4000,1,3,4,5,2,5,2,5,5,4,5,1,1,1,4,2, ,1,1000218,person218
219,5,12,3,4000,1.5,1,4,5,5,3,3,5,5,3,5,1,3,1,4,2, ,,1000219,person219
220,5,12,4,3000,1.5,1,5,5,5,4,3,5,5,5,3,4,1,4,4,5,Jerusalem ,1,1000220,person220
221,5,24,4,4000,2,3,3,5,2,4,3,1,4,3,5,1,5,1,3,3, ,1,1000221,person221
222,3,1,5,4000,2,4,5,3,5,4,5,5,4,1,5,3,1,3,5,5,Merkaz,1,1000222,person222
223,3,12,3,6000,1.5,4,4,4,5,4,3,3,5,4,4,3,1,1,4,3,Jerusalem ,1,1000223,person223
224,2,6,3,4000,1,2,5,4,5,3,3,1,4,5,5,5,4,3,4,4, ,1,1000224,person224
225,4,6,3,6000,1,2,2,2,4,5,1,1,5,2,3,4,1,1,2,1, ,1,1000225,person225
226,1,24,5,6000,2,4,4,5,3,5,5,4,4,3,5,3,5,1,4,5,Merkaz,1,1000226,person226
227,5,12,5,6000,2,5,2,4,5,5,4,3,5,4,5,1,2,1,5,5, ,1,1000227,person227
228,5,12,2,3000,1,1,1,3,1,4,1,1,5,3,3,2,2,1,2,1, ,1,1000228,person228
229,2,12,4,5000,1,5,5,2,5,5,3,1,5,5,5,1,1,1,4,5, ,1,1000229,person229
230,5,12,3,5000,1.5,3,2,5,5,4,1,1,5,5,5,1,2,2,3,5,Merkaz,1,1000230,person230
231,5,24,3,4000,1.5,3,3,1,4,3,1,1,1,2,5,3,1,1,4,5, ,1,1000231,person231
232,4,24,4,4000,1.5,3,4,3,4,4,2,5,5,4,5,2,1,2,4,5, ,0,1000232,person232
233,5,12,2,4000,1,3,5,4,4,5,4,3,5,3,5,2,1,1,5,5, ,1,1000233,person233
234,5,24,3,4000,1.5,3,3,3,2,5,5,5,5,5,5,3,1,1,5,5, ,1,1000234,person234
235,1,24,3,8000,1,1,1,3,3,5,1,1,4,5,5,4,1,3,5,1, ,1,1000235,person235
236,4,12,5,9000,2,1,3,5,5,5,1,5,5,1,3,3,2,5,4,1, ,1,1000236,person236
237,5,12,5,6000,2,3,4,5,5,5,1,5,5,4,5,2,4,1,4,2, ,1,1000237,person237
238,4,12,4,3000,2,4,4,3,5,5,1,1,4,5,5,4,5,1,3,5, ,,1000238,person238
239,4,2,4,6000,2,5,5,5,3,5,5,5,5,4,5,3,4,1,4,3, ,1,1000239,person239
240,1,12,2,4000,1.5,3,2,5,5,5,3,5,5,2,4,3,5,3,5,4, ,,1000240,person240
241,5,12,3,6000,1.5,3,2,4,5,5,5,1,4,5,5,1,5,1,5,5, ,1,1000241,person241
242,1,2,2,5000,1,3,2,4,5,5,3,1,4,5,5,3,3,1,4,2, ,,1000242,person242
243,3,24,3,5000,1.5,1,3,3,3,3,4,3,3,3,5,1,4,2,3,4,Merkaz,1,1000243,person243
244,3,24,4,4000,1.5,3,5,5,4,5,3,5,5,3,1,1,1,1,4,5, ,,1000244,person244
245,5,24,1,3000,1.5,4,3,5,4,2,1,5,5,4,4,4,2,1,3,4, ,,1000245,person245
246,1,12,4,4000,2,1,2,5,3,5,1,1,5,3,5,4,5,3,3,5, ,1,1000246,person246
247,5,12,5,4000,1.5,4,5,3,5,5,1,5,5,4,5,1,1,1,4,3, ,0,1000247,person247
248,5,24,3,4000,1,1,1,1,3,5,2,1,5,1,1,4,4,4,4,3, ,1,1000248,person248
249,4,1,1,3000,1,1,3,3,4,5,1,1,5,5,5,5,1,1,2,1, ,1,1000249,person249
250,5,6,2,3000,1.5,3,4,5,5,3,3,5,5,5,3,3,1,1,4,3, ,0,1000250,person250
251,5,24,4,4000,2,3,5,5,3,3,5,5,3,1,1,1,1,1,5,5, ,1,1000251,person251
252,3,24,2,4000,1,1,2,3,4,5,1,1,5,5,5,3,5,1,3,5, ,1,1000252,person252
253,5,6,5,7000,2,3,3,4,5,4,2,4,5,4,2,4,4,4,5,2, ,1,1000253,person253
254,5,24,4,5000,2,2,5,5,3,3,4,5,3,5,5,1,1,1,5,5, ,1,1000254,person254
255,1,24,6,4000,1,3,3,1,5,4,1,1,5,1,1,3,5,1,3,3, ,1,1000255,person255
256,5,24,6,10000,2,5,4,5,5,5,5,2,3,4,5,3,5,1,5,5, ,0,1000256,person256
257,4,12,3,2000,1.5,1,1,2,4,4,1,5,5,5,5,5,1,1,4,4, ,1,1000257,person257
258,5,12,4,5000,1.5,2,1,3,5,5,2,1,4,2,1,1,1,1,4,4,Jerusalem ,1,1000258,person258
259,4,24,5,7000,2,3,3,5,5,3,5,3,4,3,5,1,5,2,5,3,Jerusalem ,1,1000259,person259
260,5,24,6,10000,2,4,2,5,5,5,5,5,5,1,2,1,5,5,4,2, ,,1000260,person260
261,1,12,2,3000,1,1,5,5,5,3,3,1,3,5,5,3,3,1,3,1, ,0,1000261,person261
262,4,12,3,3000,1.5,3,2,2,3,4,4,4,5,2,4,5,4,2,2,3, ,1,1000262,person262
263,3,24,6,7000,2,5,4,5,3,3,5,5,5,5,5,1,5,1,3,5, ,,1000263,person263
264,5,24,6,8000,2,5,5,5,5,5,5,5,5,1,5,3,1,1,5,5, ,1,1000264,person264
265,4,12,4,2000,1,1,4,3,5,4,3,5,3,4,3,3,4,3,3,3, ,,1000265,person265
266,1,24,3,6000,1.5,5,4,5,3,5,5,1,1,4,5,1,5,1,4,3, ,0,1000266,person266
267,5,12,6,8000,2,5,5,5,5,5,5,5,2,4,5,1,1,2,5,2, ,,1000267,person267
268,2,12,4,7000,2,2,2,3,4,4,2,5,5,3,2,2,1,1,4,4, ,1,1000268,person268
269,5,12,2,6000,1,5,5,1,3,5,1,1,5,4,5,1,1,1,3,3, ,1,1000269,person269
270,5,6,4,5000,1.5,5,5,5,5,5,5,1,5,5,5,1,1,5,5,5, ,1,1000270,person270
271,5,6,3,6000,1,1,1,5,5,5,2,1,4,3,3,3,1,1,4,1, ,,1000271,person271
272,2,24,2,4000,1,3,3,4,4,4,2,1,5,4,4,2,1,1,2,3, ,1,1000272,person272
273,1,24,4,4000,2,4,4,5,5,5,5,1,4,5,5,1,5,1,3,5, ,1,1000273,person273
274,5,24,3,8000,1.5,4,4,4,3,5,2,3,4,4,5,2,1,3,4,2, ,1,1000274,person274
275,2,12,3,3000,1.5,3,2,2,3,1,2,5,5,3,3,3,1,1,3,4,Jerusalem ,1,1000275,person275
276,5,12,5,6000,2,4,3,4,5,5,4,3,5,5,5,1,5,5,5,5, ,,1000276,person276
277,1,12,4,4000,1,1,1,3,2,5,3,2,5,3,5,3,3,2,3,3, ,,1000277,person277
278,5,12,3,4000,2,3,3,5,5,1,5,5,4,4,5,1,1,5,3,1, ,0,1000278,person278
279,5,12,4,4000,2,4,5,5,5,5,5,1,4,3,2,1,2,1,5,3, ,,1000279,person279
280,5,12,3,4000,1,5,5,4,5,5,4,1,2,4,4,1,1,1,5,5,Tel Aviv,1,1000280,person280
281,5,12,6,7000,2,1,4,2,4,5,2,5,4,1,4,4,3,1,3,4, ,1,1000281,person281
282,3,12,3,8000,1.5,3,3,4,4,5,1,1,5,5,3,2,3,1,3,3, ,1,1000282,person282
283,5,12,2,3000,1,3,5,5,2,3,3,5,2,1,1,1,5,1,4,5, ,1,1000283,person283
284,1,6,2,3000,1,3,1,5,3,3,1,4,5,2,3,4,2,3,2,1, ,1,1000284,person284
285,3,24,6,8000,2,4,3,5,4,4,3,4,3,3,3,3,5,1,3,5, ,1,1000285,person285
286,1,12,5,2000,1.5,1,1,5,3,4,1,5,5,3,4,4,5,1,5,4, ,1,1000286,person286
287,5,24,4,4000,2,3,3,5,3,3,4,5,4,3,5,1,2,1,5,3, ,1,1000287,person287
288,2,6,6,10000,2,5,3,4,2,4,5,3,5,3,4,3,1,1,4,3, ,1,1000288,person288
289,4,24,5,7000,2,3,4,4,3,3,5,3,5,3,5,1,1,1,3,3, ,1,1000289,person289
290,4,12,4,7000,2,2,2,4,1,3,1,3,5,1,4,1,1,1,5,4, ,1,1000290,person290
291,5,24,4,4000,1.5,5,5,3,3,5,3,4,5,5,5,1,1,3,4,5, ,1,1000291,person291
292,3,12,3,7000,1.5,3,2,4,4,5,5,1,2,3,3,2,5,1,4,3, ,1,1000292,person292
293,5,24,5,5000,2,5,5,5,5,5,3,5,3,5,5,1,1,1,4,4,Merkaz,1,1000293,person293
294,1,12,4,2000,1.5,3,2,5,5,5,1,5,5,3,4,5,1,2,5,4, ,1,1000294,person294
295,5,1,5,7000,2,5,5,5,5,5,5,5,5,5,5,1,1,3,5,3, ,,1000295,person295
296,2,24,3,4000,1,5,4,5,3,4,1,4,5,5,5,2,1,4,4,2, ,1,1000296,person296
297,4,12,3,4000,1.5,4,4,5,4,4,3,4,5,3,5,1,1,3,4,5, ,1,1000297,person297
298,5,24,2,2000,1,1,4,5,5,5,3,5,1,2,3,4,1,1,4,1, ,0,1000298,person298
299,5,24,4,6000,2,4,3,5,4,4,3,5,5,5,5,1,1,1,4,5, ,1,1000299,person299
300,5,24,5,7000,2,2,5,5,5,5,5,5,5,4,5,1,5,1,5,5,South,0,1000300,person300
301,3,,3,,1.5,3,3,3,3,3,3,3,3,3,3,3,3,3,3,3, ,,1000301,person301
302,4,12,4,4000,2,1,2,3,4,4,3,5,4,3,2,3,1,2,4,3, ,1,1000302,person302
303,5,6,3,4000,1,1,5,5,5,1,5,2,3,5,1,1,1,1,2,3, ,0,1000303,person303
304,1,12,5,8000,2,4,4,5,2,1,5,1,4,4,4,2,5,1,4,1,Jerusalem ,1,1000304,person304
305,4,12,3,3000,1.5,1,2,4,4,4,1,3,3,3,3,3,3,3,3,3, ,1,1000305,person305
306,5,1,2,4000,1,2,5,2,4,5,1,5,5,1,3,5,1,4,4,5, ,1,1000306,person306
307,3,12,4,4000,2,4,3,4,2,4,5,5,5,3,5,3,4,1,4,4, ,1,1000307,person307
308,4,2,4,9000,2,5,3,5,5,1,3,4,4,3,5,3,1,1,3,4, ,,1000308,person308
309,5,2,3,2000,2,3,1,3,3,4,2,1,4,5,5,5,1,3,1,1, ,1,1000309,person309
310,4,6,4,7000,2,4,3,4,3,5,2,4,5,5,4,1,3,1,4,4, ,1,1000310,person310
311,1,6,2,2000,1,2,1,4,1,5,2,3,4,1,1,3,5,2,3,2, ,,1000311,person311
312,4,12,4,3000,2,4,5,4,3,5,4,5,5,4,4,5,4,1,5,5,Jerusalem ,1,1000312,person312
313,5,24,4,5000,2,4,3,5,5,3,1,5,5,5,5,1,2,5,4,5, ,1,1000313,person313
314,4,12,4,4000,1.5,3,3,4,3,3,1,5,5,2,2,1,4,1,4,4, ,1,1000314,person314
315,5,2,2,3000,1.5,3,1,1,5,5,3,5,4,1,1,2,1,1,3,1, ,,1000315,person315
316,5,6,1,4000,1,1,1,2,5,2,1,5,5,3,3,1,1,4,1,1, ,,1000316,person316
317,5,24,5,6000,2,3,5,5,3,3,5,1,3,4,4,1,3,1,4,5, ,,1000317,person317
318,5,12,3,2000,1.5,3,3,4,4,2,1,5,5,3,4,2,3,1,4,3, ,1,1000318,person318
319,5,12,3,4000,2,3,3,4,3,4,3,5,4,1,3,1,1,1,3,1, ,1,1000319,person319
320,5,24,3,4000,1,3,4,4,5,5,5,1,3,3,1,3,3,3,4,5, ,1,1000320,person320
321,4,24,5,3000,1,2,4,5,5,5,5,1,3,3,4,4,5,4,2,5,South,0,1000321,person321
322,1,6,3,6000,1.5,2,4,5,5,5,1,1,5,5,5,3,5,5,4,5, ,1,1000322,person322
323,5,24,4,4000,1,3,3,3,5,5,5,1,3,3,5,1,5,3,5,3, ,1,1000323,person323
324,3,6,1,,1.5,1,3,3,3,5,1,5,5,2,2,4,1,2,2,4, ,1,1000324,person324
325,1,1,3,5000,1.5,3,3,5,5,5,4,1,5,3,3,3,5,1,5,5, ,1,1000325,person325
326,1,12,3,3000,1.5,3,2,3,3,2,1,1,5,3,3,3,1,1,4,5, ,1,1000326,person326
327,5,1,3,5000,1.5,4,4,5,4,5,5,1,4,1,3,3,1,2,5,5, ,1,1000327,person327
328,1,12,2,4000,1,1,2,1,1,5,1,1,5,1,3,5,1,3,1,1,Tel Aviv,1,1000328,person328
329,1,12,2,4000,1,5,4,5,3,5,3,5,3,3,5,5,1,3,4,5, ,,1000329,person329
330,3,6,3,3000,1,1,1,4,3,3,1,1,5,1,3,5,5,1,3,3, ,1,1000330,person330
331,5,6,4,5000,1,3,3,4,5,5,3,2,4,5,5,3,1,1,3,5, ,1,1000331,person331
332,3,,3,,1.5,3,3,3,3,3,3,3,3,3,3,3,3,3,3,3, ,,1000332,person332
333,5,12,3,3000,1,5,3,4,3,4,5,3,2,1,2,3,1,2,3,5, ,0,1000333,person333
334,5,24,3,4000,1,1,5,5,5,4,1,3,5,3,5,1,5,1,4,2, ,1,1000334,person334
335,4,24,2,5000,1,1,1,3,5,5,1,5,5,3,4,1,5,1,3,3, ,1,1000335,person335
336,3,12,5,7000,2,5,5,5,5,5,5,1,5,5,5,1,4,1,5,5, ,1,1000336,person336
337,3,12,4,4000,1.5,5,1,4,1,3,1,1,5,3,5,1,5,1,2,1, ,1,1000337,person337
338,1,6,3,4000,1,2,5,3,3,2,1,1,3,1,4,4,1,1,3,5, ,1,1000338,person338
339,5,24,3,10000,1.5,5,1,4,4,5,2,1,5,3,5,1,5,3,5,5, ,1,1000339,person339
340,4,12,3,6000,1.5,3,4,5,5,5,1,5,5,5,5,4,2,1,4,4, ,1,1000340,person340
341,3,12,5,4000,1.5,1,3,5,3,5,4,1,5,4,5,3,1,3,3,4, ,1,1000341,person341
342,1,12,4,4000,2,4,1,5,3,5,1,1,3,4,4,1,3,1,5,5,Tel Aviv,1,1000342,person342
343,5,12,1,2000,1.5,3,3,4,1,3,5,1,5,5,3,5,1,5,3,5,Jerusalem ,1,1000343,person343
344,5,24,3,4000,2,1,1,1,5,1,3,1,5,1,3,1,4,1,1,3, ,1,1000344,person344
345,5,24,2,5000,1,5,5,5,4,5,3,5,4,5,3,1,1,1,4,5, ,1,1000345,person345
346,5,12,5,4000,2,5,3,4,5,3,4,5,2,4,5,1,1,1,4,1, ,0,1000346,person346
347,5,24,4,6000,1.5,5,5,5,5,3,5,5,5,3,5,4,5,1,4,5, ,1,1000347,person347
348,1,1,4,3000,1.5,1,1,3,4,1,1,3,5,3,5,3,3,3,3,3, ,1,1000348,person348
349,1,6,1,2000,1,1,1,1,1,1,1,1,3,1,1,1,1,1,1,1, ,1,1000349,person349
350,5,12,3,4000,1.5,5,4,4,3,4,4,5,4,2,3,3,3,1,3,3, ,0,1000350,person350
351,3,12,2,4000,1.5,4,5,5,5,4,5,5,5,4,3,4,4,4,4,4, ,1,1000351,person351
352,4,6,4,4000,1,1,3,4,5,5,3,3,4,2,2,3,1,1,3,3, ,1,1000352,person352
353,3,6,4,3000,2,1,3,5,5,5,5,5,5,5,5,5,1,1,3,5, ,1,1000353,person353
354,5,24,6,8000,2,3,5,5,5,5,4,5,4,4,5,1,3,1,5,5, ,,1000354,person354
355,5,12,3,2000,1,1,1,3,1,4,1,5,5,4,2,5,1,3,3,3, ,1,1000355,person355
356,4,24,5,10000,2,5,5,5,5,5,5,5,5,4,5,1,1,1,5,5, ,1,1000356,person356
357,5,1,3,4000,1,5,1,5,3,5,4,1,5,5,3,2,5,1,3,4, ,1,1000357,person357
358,5,24,3,5000,2,5,5,5,5,5,1,1,5,5,5,1,1,1,5,1, ,1,1000358,person358
359,1,24,6,7000,2,5,5,5,1,1,5,5,5,3,5,1,1,1,5,5, ,1,1000359,person359
360,5,24,2,5000,1.5,5,3,3,3,3,4,5,5,4,2,1,2,3,4,5, ,,1000360,person360
361,3,12,2,4000,1,1,2,4,5,3,1,5,5,4,3,1,5,1,5,3, ,1,1000361,person361
362,1,12,1,,1.5,1,1,1,3,3,5,5,5,2,3,4,3,3,3,4, ,,1000362,person362
363,5,24,3,5000,1.5,3,5,5,2,4,1,2,3,5,5,1,1,1,4,5, ,1,1000363,person363
364,5,6,3,2000,1,1,1,5,1,1,1,1,4,1,2,1,1,1,4,1, ,,1000364,person364
365,5,24,6,8000,2,5,5,5,4,5,5,5,5,4,4,1,5,1,5,5, ,0,1000365,person365
366,5,24,4,7000,2,5,3,5,5,3,3,5,5,5,5,2,2,1,3,5, ,1,1000366,person366
367,4,24,5,7000,1.5,5,5,3,2,2,5,5,4,2,2,3,2,4,3,5, ,1,1000367,person367
368,1,12,3,4000,1.5,5,5,5,4,5,5,5,5,5,5,3,3,1,4,5, ,1,1000368,person368
369,4,12,5,6000,1.5,5,3,5,2,1,1,5,5,1,4,1,1,1,3,3, ,,1000369,person369
370,5,1,3,6000,1.5,5,3,5,3,3,3,1,4,4,5,3,5,3,3,5, ,1,1000370,person370
371,2,6,4,3000,1.5,1,1,3,3,3,1,4,4,1,1,4,3,1,3,3, ,,1000371,person371
372,4,24,4,6000,1.5,1,4,4,4,5,5,5,5,5,3,2,3,1,3,4, ,1,1000372,person372
373,5,6,3,4000,1.5,2,2,4,5,5,4,1,5,2,4,3,3,1,3,2, ,1,1000373,person373
374,3,12,3,4000,1.5,1,1,5,2,3,1,3,3,5,3,3,1,5,1,1, ,1,1000374,person374
375,4,12,5,4000,2,2,4,5,5,4,4,5,2,2,2,2,1,1,4,3, ,0,1000375,person375
376,5,12,4,6000,1.5,3,3,3,5,4,4,5,2,5,5,1,1,1,5,4,Jerusalem ,1,1000376,person376
377,5,12,2,4000,1,3,4,4,4,2,1,3,4,1,3,2,1,1,2,2, ,1,1000377,person377
378,5,12,3,8000,1,4,1,4,4,5,3,4,5,5,3,1,1,2,2,2, ,,1000378,person378
379,5,12,3,4000,1.5,1,2,4,3,4,1,1,5,5,4,3,5,1,3,3, ,1,1000379,person379
380,5,12,5,3000,2,5,4,4,5,2,2,2,5,4,4,4,3,1,4,2, ,1,1000380,person380
381,5,12,4,3000,1,1,1,5,3,1,1,1,5,5,5,5,5,5,2,3, ,1,1000381,person381
382,5,24,5,7000,2,5,4,5,5,2,3,5,5,1,5,3,1,3,4,5, ,1,1000382,person382
383,5,24,2,4000,1.5,2,3,4,4,3,4,5,4,2,4,2,4,1,3,4, ,0,1000383,person383
384,5,12,3,5000,1.5,1,4,5,5,5,3,5,4,3,4,1,1,1,3,3, ,1,1000384,person384
385,5,12,4,7000,2,3,2,2,4,4,2,5,4,4,2,4,1,1,4,2, ,1,1000385,person385
386,3,12,4,4000,1,1,2,3,5,5,4,5,5,5,4,2,5,1,5,3, ,0,1000386,person386
387,4,12,2,4000,1,1,1,4,5,1,1,3,5,3,5,4,5,3,3,1, ,1,1000387,person387
388,5,24,4,5000,2,5,5,5,5,3,3,5,3,5,5,1,5,5,5,3, ,0,1000388,person388
389,3,12,4,6000,2,1,3,3,3,4,1,4,4,1,1,5,1,1,4,4, ,1,1000389,person389
390,3,12,4,3000,1.5,3,4,3,4,4,1,5,5,3,3,5,1,1,4,4,Jerusalem ,1,1000390,person390
391,5,12,3,4000,1.5,2,2,3,4,5,1,1,5,5,5,1,3,1,4,3,Tel aviv,1,1000391,person391
392,5,12,4,6000,1.5,2,5,5,1,5,1,5,5,4,5,4,4,2,5,5, ,1,1000392,person392
393,5,6,2,2000,1.5,1,3,3,5,5,1,5,5,1,4,1,1,2,3,3, ,1,1000393,person393
394,5,12,5,4000,1,1,1,2,2,1,1,4,4,2,4,1,1,1,1,3, ,1,1000394,person394
395,5,12,5,6000,1.5,1,1,3,4,2,1,3,3,1,1,4,1,1,1,3, ,1,1000395,person395
396,4,24,3,2000,2,5,1,3,5,1,5,5,1,3,5,1,3,3,3,3, ,1,1000396,person396
397,5,24,5,8000,2,5,5,5,5,5,5,5,3,3,5,1,5,1,5,5, ,1,1000397,person397
398,5,12,3,4000,1.5,2,3,5,4,4,1,5,5,5,3,1,4,1,5,1, ,1,1000398,person398
399,5,12,4,4000,2,5,1,5,5,5,5,5,5,3,3,1,1,1,5,5, ,1,1000399,person399
400,3,24,5,5000,1.5,5,3,5,5,5,5,5,5,1,5,1,5,3,5,5, ,,1000400,person400
401,5,12,4,3000,1.5,1,3,1,4,4,1,5,3,5,1,1,1,1,4,3, ,1,1000401,person401
402,5,24,3,5000,2,5,5,5,5,4,5,1,4,5,5,2,5,4,5,4, ,1,1000402,person402
403,5,12,4,6000,2,2,4,3,3,5,1,5,5,3,4,5,3,1,3,3, ,1,1000403,person403
404,3,3,3,4000,1,1,2,2,2,2,3,3,1,1,1,2,1,3,2,1, ,1,1000404,person404
405,5,3,3,3000,1.5,3,1,3,4,5,5,5,1,2,2,4,3,2,4,3, ,,1000405,person405
406,5,3,2,2000,1,2,2,4,5,5,1,5,4,3,3,3,4,2,4,4, ,0,1000406,person406
407,5,3,3,3000,1,1,1,5,3,5,2,5,5,1,1,1,5,1,5,5, ,,1000407,person407
408,5,3,4,2000,2,2,2,5,5,5,5,1,1,3,3,3,5,5,3,5, ,1,1000408,person408
409,5,3,3,4000,1.5,2,2,5,1,5,2,1,1,5,5,4,5,4,4,5, ,1,1000409,person409
410,5,3,3,3000,1,5,5,5,5,5,5,5,5,5,5,5,5,1,5,5, ,1,1000410,person410
411,5,3,4,3000,2,4,3,3,5,5,4,1,2,2,2,4,2,1,3,4,Ariel,1,1000411,person411
412,3,3,3,4000,1,1,1,4,3,4,1,1,5,4,4,4,4,1,3,3, ,1,1000412,person412
413,5,3,3,4000,2,5,5,3,5,5,5,1,1,1,1,5,5,5,5,5, ,1,1000413,person413
414,4,3,3,4000,1,1,1,1,1,1,3,3,4,1,1,5,4,1,2,2,Merkaz,1,1000414,person414
415,5,3,4,3000,2,5,3,5,5,5,5,5,4,2,5,5,5,5,5,5, ,0,1000415,person415
416,5,3,3,4000,2,5,5,5,5,3,4,5,4,5,1,3,3,1,5,5, ,1,1000416,person416
417,2,3,5,4000,1,3,4,5,3,5,1,3,4,2,3,5,4,4,4,4, ,1,1000417,person417
418,1,3,3,4000,2,5,4,5,5,5,3,5,1,5,5,5,5,5,3,5, ,0,1000418,person418
419,2,3,4,3000,1.5,4,4,5,4,5,5,3,2,3,5,1,5,5,2,3, ,1,1000419,person419
420,1,3,4,5000,1,3,4,5,3,2,3,2,4,5,5,4,5,5,4,3, ,1,1000420,person420
421,1,3,4,4000,1.5,4,2,4,4,4,2,1,4,2,4,4,5,1,4,5, ,1,1000421,person421
422,3,3,5,4000,2,1,5,5,5,5,5,1,3,3,5,3,3,1,5,5, ,1,1000422,person422
423,5,3,2,3000,1,1,1,3,1,5,1,1,1,1,1,4,1,5,3,1, ,1,1000423,person423
424,2,3,3,2000,2,2,1,4,5,5,5,1,5,4,4,4,5,2,3,4, ,0,1000424,person424
425,5,3,4,2000,2,5,5,5,5,5,5,5,5,5,5,5,5,5,5,5, ,,1000425,person425
426,1,3,2,2000,1.5,1,1,5,3,5,4,4,4,3,4,4,4,2,5,1, ,0,1000426,person426
427,4,3,4,6000,2,4,4,4,4,4,3,1,3,5,5,2,5,5,4,4, ,1,1000427,person427
428,3,3,4,6000,1.5,3,3,4,4,5,3,3,4,5,5,1,4,1,3,3, ,1,1000428,person428
429,5,3,4,6000,2,5,3,5,5,3,3,3,3,1,5,1,1,1,4,5, ,,1000429,person429
430,1,3,5,4000,2,5,5,5,5,3,3,3,5,4,5,5,3,3,3,1,North,0,1000430,person430
431,4,3,5,2000,1,3,3,4,4,4,3,5,5,3,3,3,3,1,4,3, ,,1000431,person431
432,3,3,3,4000,1,1,2,4,4,3,2,1,1,4,4,3,1,2,3,4, ,1,1000432,person432
433,5,6,4,6000,1,1,2,5,1,3,1,1,5,1,5,1,3,1,5,1,Jerusalem ,1,1000433,person433
434,5,6,5,5000,2,5,3,3,5,5,2,5,4,3,3,1,1,1,4,3, ,1,1000434,person434
435,3,6,3,4000,2,4,5,4,1,1,5,2,1,3,5,1,1,1,1,5, ,0,1000435,person435
436,4,6,3,3000,1,4,4,5,5,5,5,1,4,5,5,4,5,1,5,4,Jerusalem ,1,1000436,person436
437,5,6,5,8000,2,5,4,5,5,5,4,1,3,5,5,1,3,3,3,5, ,1,1000437,person437
438,4,6,2,4000,1,1,1,3,4,3,1,2,2,4,4,1,1,1,4,1, ,1,1000438,person438
439,1,6,3,3000,1,1,1,5,1,5,3,1,1,5,1,5,3,5,4,1, ,1,1000439,person439
440,2,6,2,4000,1,1,1,5,5,5,4,2,5,4,5,5,1,1,4,5, ,,1000440,person440
441,1,6,5,3000,2,3,2,5,4,5,3,5,2,3,5,4,5,1,3,2, ,,1000441,person441
442,4,6,2,4000,1,1,1,4,4,2,2,1,4,5,1,4,4,2,2,3, ,,1000442,person442
443,1,6,3,4000,1,1,1,4,5,5,5,1,5,5,5,3,5,1,5,5, ,1,1000443,person443
444,3,6,3,2000,2,3,3,5,5,5,5,5,5,3,3,4,5,1,5,3, ,0,1000444,person444
445,5,6,5,6000,2,4,4,4,5,4,4,4,4,4,5,3,3,3,4,4, ,1,1000445,person445
446,1,6,3,4000,1.5,3,3,5,3,1,3,3,3,1,3,3,3,3,3,2, ,,1000446,person446
447,5,6,2,3000,1,1,2,5,3,5,5,5,1,4,4,1,1,3,5,5,Jerusalem ,1,1000447,person447
448,5,6,4,3000,1.5,1,1,3,4,5,2,5,5,5,5,4,3,2,4,2,Jerusalem ,1,1000448,person448
449,4,6,4,2000,1.5,1,1,3,3,4,1,5,1,2,2,4,1,2,4,1, ,1,1000449,person449
450,4,6,4,3000,1.5,4,4,4,5,5,2,1,4,3,4,4,2,3,3,4, ,1,1000450,person450
451,4,6,3,4000,1,1,1,4,2,2,2,1,4,4,4,1,3,1,4,1, ,1,1000451,person451
452,5,6,3,5000,1,1,3,3,1,4,3,1,3,2,5,3,4,3,4,1, ,1,1000452,person452
453,3,6,3,6000,1.5,2,2,3,5,3,3,3,3,4,3,3,3,1,4,3, ,1,1000453,person453
454,5,6,3,6000,1.5,1,3,5,4,1,2,1,5,4,5,4,4,1,4,1, ,1,1000454,person454
455,3,6,3,4000,1,5,2,3,3,3,3,1,3,3,3,4,4,4,4,3,Jerusalem ,1,1000455,person455
456,4,6,4,3000,2,1,1,4,5,5,1,5,5,4,5,5,1,5,5,4, ,1,1000456,person456
457,2,12,2,4000,1,1,1,1,1,5,3,1,5,5,5,5,1,1,3,4, ,1,1000457,person457
458,5,12,3,3000,2,1,2,4,5,3,1,1,5,3,3,4,3,1,4,1, ,1,1000458,person458
459,5,12,3,7000,1,1,1,5,3,4,2,1,3,4,4,4,3,4,4,2, ,1,1000459,person459
460,4,12,2,4000,1,1,1,3,4,4,1,1,4,5,5,3,1,1,3,1, ,1,1000460,person460
461,4,12,2,2000,1,1,1,3,3,4,2,5,5,4,5,4,1,1,2,3, ,1,1000461,person461
462,5,12,4,4000,2,3,1,4,5,3,2,3,3,1,2,1,1,3,3,3, ,,1000462,person462
463,2,12,3,4000,2,4,4,4,5,5,3,5,5,3,5,4,4,1,4,5, ,1,1000463,person463
464,5,12,3,6000,1,1,2,5,5,4,2,5,5,4,5,3,1,1,4,4, ,1,1000464,person464
465,4,12,3,4000,1,2,2,5,5,4,3,4,3,4,5,1,1,2,4,5, ,,1000465,person465
466,1,12,1,4000,1,1,1,5,1,5,1,1,5,1,5,3,1,3,3,1, ,1,1000466,person466
467,5,12,3,6000,1.5,3,3,5,5,5,4,1,3,4,4,3,5,1,4,3, ,1,1000467,person467
468,5,12,3,6000,1,3,1,5,5,3,4,5,3,1,3,5,5,5,5,3, ,,1000468,person468
469,2,12,3,6000,1.5,2,4,4,4,3,2,3,4,5,3,3,3,2,3,4,Jerusalem ,1,1000469,person469
470,5,12,3,3000,2,2,3,4,4,4,2,5,4,3,4,4,1,2,4,5, ,0,1000470,person470
471,3,12,3,,1.5,3,4,4,5,4,5,5,4,4,4,3,1,2,3,3, ,1,1000471,person471
472,3,12,3,2000,1.5,1,4,4,1,5,1,1,5,1,5,3,1,5,4,3, ,1,1000472,person472
473,1,12,4,5000,2,5,4,5,3,5,5,5,3,4,4,2,2,1,4,5, ,1,1000473,person473
474,3,12,5,3000,1,1,1,4,1,4,1,1,4,1,1,5,1,1,1,1,Merkaz,1,1000474,person474
475,3,12,3,7000,1,1,1,5,2,4,4,1,1,4,4,2,5,1,4,5, ,1,1000475,person475
476,3,12,4,7000,1,3,4,5,5,2,2,1,4,5,5,1,3,1,5,4, ,1,1000476,person476
477,5,12,3,6000,2,2,2,4,5,5,2,1,4,5,5,1,5,5,4,3, ,1,1000477,person477
478,4,12,2,4000,1,1,1,4,4,4,2,1,4,2,5,2,5,2,4,3, ,1,1000478,person478
479,5,12,2,4000,1,4,1,3,5,4,5,1,5,5,5,4,5,5,4,2, ,1,1000479,person479
480,3,12,3,4000,1.5,1,2,4,3,4,1,2,4,4,3,2,1,1,4,1, ,1,1000480,person480
481,5,12,3,4000,1,3,1,4,4,5,3,1,5,4,5,3,1,1,4,5, ,1,1000481,person481
482,5,12,3,3000,1.5,1,2,4,5,4,1,1,3,4,5,4,1,2,5,2, ,1,1000482,person482
483,5,12,3,4000,1.5,1,1,3,4,3,2,1,5,4,4,4,1,1,3,3,Jerusalem ,1,1000483,person483
484,4,24,2,4000,1,2,3,4,2,4,4,4,3,2,2,4,1,2,3,2, ,1,1000484,person484
485,5,24,5,6000,1,3,2,3,2,4,3,3,4,3,3,3,3,3,3,3, ,,1000485,person485
486,5,24,3,3000,1,1,2,4,4,4,2,1,5,3,2,1,1,1,3,1, ,,1000486,person486
487,3,24,4,2000,2,1,1,4,4,5,2,2,5,5,5,4,1,1,4,4, ,1,1000487,person487
488,4,24,2,4000,1,1,3,3,4,5,5,1,3,5,5,4,1,1,4,2, ,1,1000488,person488
489,5,24,3,4000,1.5,1,2,4,1,5,3,1,1,4,5,5,1,1,4,3,Beer Sheba,1,1000489,person489
490,3,24,3,3000,1.5,3,2,4,5,4,3,1,1,3,3,4,1,4,3,1, ,0,1000490,person490
491,5,24,4,4000,1.5,3,3,5,1,5,1,1,1,3,5,5,5,5,5,3, ,0,1000491,person491
492,1,24,3,5000,1,1,1,1,3,3,3,3,3,3,3,3,3,3,3,3, ,,1000492,person492
493,5,24,3,4000,1,1,1,4,1,4,4,5,3,3,5,3,5,5,3,5,Ariel,1,1000493,person493
494,5,24,4,7000,1,1,1,5,4,3,1,5,1,2,3,5,1,3,4,1, ,1,1000494,person494
495,3,24,5,2000,1.5,5,5,5,4,5,5,5,3,3,3,4,1,1,4,1, ,,1000495,person495
496,3,24,3,4000,1,1,4,4,1,2,5,1,5,4,4,3,3,1,4,1, ,0,1000496,person496
497,2,24,2,3000,1.5,1,1,5,5,4,3,1,5,5,5,1,5,5,5,5, ,,1000497,person497
498,3,24,3,8000,1,1,1,1,3,5,1,1,4,4,5,4,1,1,4,3,Merkaz,1,1000498,person498
499,5,24,3,6000,2,5,5,5,5,5,5,5,5,1,1,5,1,1,5,5, ,0,1000499,person499
500,3,24,2,4000,1,1,1,5,3,3,3,1,5,5,5,4,1,1,2,3, ,1,1000500,person500
501,1,24,4,4000,2,1,4,5,5,5,5,1,2,2,3,5,1,5,5,5, ,1,1000501,person501
502,3,24,2,4000,1,3,2,5,3,4,4,5,3,2,3,5,3,3,4,3, ,1,1000502,person502
503,3,24,3,5000,1,1,1,2,4,5,1,1,4,5,5,5,1,1,3,2, ,1,1000503,person503
504,5,,4,5000,2,1,1,5,5,2,4,5,4,4,3,2,1,1,4,3,Otef Azza,0,1000504,person504
505,3,24,2,3000,1,3,4,3,4,2,4,2,2,2,2,2,2,5,3,3, ,1,1000505,person505
506,5,24,5,6000,2,5,5,5,5,5,4,5,5,4,1,3,1,4,5,5, ,1,1000506,person506
507,1,24,3,3000,1,1,3,3,3,3,2,5,5,4,4,4,1,1,2,1, ,1,1000507,person507
508,5,24,3,2000,1,2,2,5,5,5,2,4,5,1,3,5,4,5,4,4, ,,1000508,person508
509,3,24,3,5000,1.5,3,4,4,3,4,3,5,4,4,4,3,1,1,3,5, ,1,1000509,person509
510,4,24,5,4000,1,3,4,5,5,4,5,2,5,5,4,3,3,1,5,5,Otef Azza,0,1000510,person510
511,3,24,3,4000,1,1,1,4,1,5,1,1,3,5,5,1,1,1,3,1, ,1,1000511,person511
512,4,24,3,4000,2,1,3,5,4,5,5,5,3,4,5,1,5,1,4,3, ,,1000512,person512
513,4,24,4,2000,2,1,1,3,4,3,2,5,4,4,4,3,1,1,4,2, ,1,1000513,person513
514,4,24,3,3000,1,1,2,3,4,3,2,1,5,5,5,1,1,1,3,1, ,,1000514,person514
515,3,24,3,4000,2,3,4,4,5,5,5,3,5,5,5,1,5,5,5,5, ,1,1000515,person515
516,3,24,4,4000,2,1,1,5,5,4,4,1,1,5,1,3,5,5,3,5, ,1,1000516,person516
517,5,24,3,5000,1.5,1,1,4,3,5,4,1,4,5,5,1,5,1,3,1, ,1,1000517,person517
518,3,24,3,4000,1,1,3,5,3,1,3,1,5,4,5,1,5,2,3,3,Merkaz,1,1000518,person518
519,5,24,3,3000,1,1,1,5,5,5,1,3,4,5,5,1,1,1,4,1, ,1,1000519,person519
520,5,24,4,4000,2,1,1,2,1,5,1,5,5,1,5,5,1,1,5,1, ,1,1000520,person520
521,3,24,4,4000,2,1,1,5,5,5,4,1,1,1,1,4,3,3,4,4, ,1,1000521,person521
522,5,24,4,4000,1.5,2,1,5,4,3,2,5,5,5,5,2,5,1,4,5, ,1,1000522,person522
523,5,24,4,8000,1,1,1,3,2,4,3,4,1,5,5,1,1,1,1,5, ,,1000523,person523
524,3,24,3,4000,1,1,1,5,4,4,1,1,3,1,5,3,5,5,3,3, ,1,1000524,person524
525,3,24,3,4000,1,1,1,5,3,4,1,1,2,3,3,1,4,1,3,1, ,1,1000525,person525
526,3,24,3,3000,1,2,2,3,4,4,5,5,5,5,5,3,1,1,4,3,Otef Azza,0,1000526,person526
527,5,24,3,4000,1.5,2,4,5,4,4,5,1,3,2,3,5,5,4,4,5, ,1,1000527,person527
528,5,24,2,4000,1,5,3,3,5,5,4,1,4,5,4,4,5,5,5,3, ,1,1000528,person528
529,5,24,3,4000,1,1,2,4,3,4,1,1,5,4,4,1,4,1,3,1,Jerusalem ,1,1000529,person529
530,5,24,3,3000,1,1,3,5,4,5,5,5,5,4,5,1,1,1,4,1,Otef Azza,0,1000530,person530
531,5,24,2,4000,1,1,1,3,5,3,2,1,2,4,5,2,5,1,3,2,Jerusalem ,1,1000531,person531
532,5,24,4,3000,1,2,2,2,4,5,1,1,4,3,5,3,5,5,5,4,Beer Sheba,1,1000532,person532
533,5,24,3,4000,1,1,1,5,3,1,1,1,4,4,5,1,5,3,3,1,Jerusalem ,1,1000533,person533
534,3,24,3,7000,1,3,1,4,5,5,4,1,4,4,5,1,5,1,4,4,Merkaz,1,1000534,person534
535,5,24,3,3000,1,1,1,3,5,5,1,1,5,5,5,5,3,1,4,4, ,1,1000535,person535
536,3,24,2,3000,1,1,1,1,3,2,4,1,1,1,2,1,5,3,2,3, ,1,1000536,person536
537,3,12,2,2000,1,1,2,2,4,2,2,5,4,3,4,4,3,1,1,2,Otef Azza,0,1000537,person537
538,3,12,3,3000,1,1,3,5,3,1,1,1,5,3,3,5,3,3,2,5, ,1,1000538,person538
539,3,12,4,4000,1,1,1,4,4,3,3,4,4,5,5,1,1,2,4,3,Jerusalem ,1,1000539,person539
540,1,12,4,6000,2,4,2,5,3,3,2,1,5,3,2,1,1,3,4,2, ,1,1000540,person540
541,3,12,4,4000,1.5,2,2,4,5,4,5,1,3,2,4,1,1,1,4,5, ,1,1000541,person541
542,3,12,2,2000,1,1,1,5,5,5,5,1,5,4,5,2,1,1,5,1, ,,1000542,person542
543,1,12,5,4000,1.5,2,3,5,4,5,5,1,1,3,3,2,5,4,3,1, ,1,1000543,person543
544,2,12,4,3000,2,2,5,5,4,5,5,2,4,5,5,5,5,5,5,5, ,,1000544,person544
545,1,12,3,5000,1,1,1,5,4,5,3,1,1,5,5,5,3,4,3,5, ,1,1000545,person545
546,5,12,5,3000,2,2,1,4,3,1,1,1,5,4,3,3,1,2,3,1, ,1,1000546,person546
547,5,12,4,2000,1,1,1,3,5,5,2,1,1,1,1,5,5,1,4,2, ,,1000547,person547
548,2,12,5,7000,1.5,4,4,5,4,5,5,3,3,4,4,3,5,1,4,5, ,0,1000548,person548
549,4,12,3,5000,1,3,3,4,3,3,3,1,4,2,5,4,1,2,4,1, ,1,1000549,person549
550,5,12,4,3000,1.5,1,1,3,4,4,1,1,5,1,4,4,1,1,2,1, ,1,1000550,person550
551,3,12,2,3000,1,1,2,3,3,5,1,1,5,2,4,5,2,1,2,2,Merkaz,1,1000551,person551
552,5,12,4,4000,1.5,2,3,5,5,4,3,1,3,5,5,3,5,5,4,3,Jerusalem ,1,1000552,person552
553,3,12,3,3000,1,1,1,3,2,5,1,1,4,4,5,2,1,4,1,1, ,1,1000553,person553
554,4,12,3,2000,1.5,1,1,2,5,5,1,5,3,4,4,5,3,1,3,1, ,1,1000554,person554
555,5,12,3,3000,1,3,1,4,5,5,5,4,4,5,5,4,1,1,4,5, ,1,1000555,person555
556,1,12,2,3000,1.5,2,1,3,5,4,2,1,5,4,4,5,1,4,5,5, ,1,1000556,person556
557,4,12,3,5000,2,1,1,5,3,3,3,1,3,3,3,3,5,3,3,3, ,1,1000557,person557
558,1,12,3,5000,1,1,1,5,4,4,4,1,4,5,5,1,1,5,3,5, ,1,1000558,person558
559,5,12,4,3000,1,1,1,4,5,5,5,1,5,5,5,5,5,1,3,4, ,1,1000559,person559
560,3,12,3,4000,2,5,1,4,3,4,3,4,4,4,5,3,3,5,5,3, ,1,1000560,person560
561,3,12,2,3000,1,1,3,3,5,3,3,1,5,1,3,5,1,5,1,5, ,0,1000561,person561
562,3,12,3,3000,1,1,1,1,3,4,3,4,4,3,2,1,1,3,3,2,Ariel,,1000562,person562
563,5,12,3,4000,1,1,4,4,5,5,1,5,5,5,5,1,1,5,5,1, ,1,1000563,person563
564,3,12,3,3000,1.5,2,2,4,3,3,3,4,2,4,4,4,4,2,3,3, ,0,1000564,person564
565,5,12,2,4000,1,1,1,4,3,5,4,3,3,5,5,5,1,1,4,3,Jerusalem ,1,1000565,person565
566,3,12,3,4000,1,1,1,3,4,4,1,1,5,5,5,3,5,3,4,1, ,1,1000566,person566
567,1,12,5,8000,2,5,2,5,5,3,4,1,5,2,5,1,5,2,5,1, ,1,1000567,person567
568,3,12,4,7000,2,5,1,5,3,5,3,5,5,5,5,5,1,1,4,4,Jerusalem ,1,1000568,person568
569,5,12,3,5000,1,1,1,4,1,4,5,1,4,5,5,4,1,1,3,1, ,1,1000569,person569
570,4,12,4,7000,1,1,1,3,3,4,1,1,5,4,4,4,5,4,4,2, ,1,1000570,person570
571,4,12,5,2000,1.5,1,4,5,5,4,2,5,5,5,5,4,1,2,5,4, ,,1000571,person571
572,4,12,4,5000,1,1,1,1,2,4,4,4,5,4,5,3,1,1,2,1,Jerusalem ,1,1000572,person572
573,5,12,3,4000,1,1,2,1,1,4,3,1,5,3,5,3,5,5,4,1, ,1,1000573,person573
574,3,12,3,4000,1,1,1,5,5,4,1,1,5,5,5,1,5,1,1,1, ,1,1000574,person574
575,5,12,3,4000,1,1,2,5,5,5,1,1,5,5,1,4,2,1,3,1, ,1,1000575,person575
576,4,12,3,6000,1,3,1,4,3,4,2,2,3,4,5,3,2,1,4,2, ,1,1000576,person576
577,1,12,2,4000,1,1,3,4,5,5,3,5,5,5,5,1,5,1,4,5, ,1,1000577,person577
578,5,12,4,4000,1,3,3,4,4,2,4,1,3,4,3,4,1,2,3,4,Merkaz,1,1000578,person578
579,5,12,3,4000,1,1,3,5,5,5,5,1,3,5,5,1,5,5,4,5,Merkaz,1,1000579,person579
580,3,12,3,5000,1.5,1,1,4,3,5,1,1,5,2,1,3,1,3,1,4, ,1,1000580,person580
581,3,12,2,4000,1,1,1,3,1,4,1,1,5,5,4,4,2,2,4,1,Merkaz,1,1000581,person581
582,3,12,3,6000,1,1,1,4,4,5,1,1,5,5,3,4,1,1,3,3, ,1,1000582,person582
583,5,12,3,6000,1,1,5,5,5,5,5,1,5,5,5,3,5,1,4,1, ,0,1000583,person583
584,5,12,3,6000,1.5,1,1,4,3,2,1,1,5,3,5,4,3,2,4,2, ,1,1000584,person584
585,4,12,3,4000,1,1,2,3,4,2,1,1,4,4,4,2,2,1,3,2, ,1,1000585,person585
586,3,12,4,3000,2,3,2,5,3,5,4,4,3,2,2,1,3,5,5,3, ,,1000586,person586
587,5,12,3,4000,1,1,1,2,3,4,1,1,5,4,5,1,3,3,4,3, ,1,1000587,person587
588,4,12,2,4000,1,1,1,1,3,5,2,3,5,5,5,5,1,1,3,1, ,1,1000588,person588
589,5,12,2,3000,1.5,1,1,5,3,3,3,5,5,3,5,5,4,3,4,1, ,,1000589,person589
590,5,12,3,4000,1,2,1,5,5,5,4,1,5,1,3,2,4,4,4,3, ,1,1000590,person590
591,3,12,2,3000,1,1,1,3,2,2,1,2,4,5,3,4,1,3,3,1, ,,1000591,person591
592,3,12,2,4000,1,3,1,4,3,4,3,4,4,3,3,2,1,3,4,1, ,1,1000592,person592
593,5,12,5,2000,2,4,3,3,5,4,4,3,5,3,3,4,3,1,3,4, ,1,1000593,person593
594,4,12,3,3000,1,1,1,5,4,5,3,4,5,3,5,3,1,4,4,2,Merkaz,1,1000594,person594
595,5,12,2,3000,1,5,1,5,5,5,5,1,1,5,5,5,5,5,3,3, ,1,1000595,person595
596,5,12,4,2000,2,1,1,5,4,5,4,5,1,1,1,5,1,3,5,3, ,1,1000596,person596
597,4,12,3,4000,1,1,1,4,2,3,2,1,5,2,5,1,1,1,4,1,Jerusalem ,1,1000597,person597
598,5,12,3,4000,1.5,4,2,5,5,4,2,1,5,4,3,5,4,1,4,3,Ariel,,1000598,person598
599,3,6,4,3000,2,3,3,1,3,5,1,5,5,1,3,5,1,1,3,1,Jerusalem ,1,1000599,person599
600,3,12,4,3000,1,3,2,3,1,3,2,5,4,4,3,3,1,1,2,2,Jerusalem ,1,1000600,person600
601,3,12,6,8000,2,2,2,5,3,5,1,1,5,4,3,4,5,4,4,4,Beer Sheba,1,1000601,person601
602,4,12,3,4000,1,3,3,3,5,2,1,4,4,2,4,3,1,1,4,3,Beer Sheba,1,1000602,person602
603,1,24,3,4000,1,3,3,5,3,1,5,5,5,4,5,3,5,5,4,4, ,0,1000603,person603
604,5,24,4,2000,1.5,3,2,2,1,2,1,5,3,3,3,4,1,1,2,1, ,1,1000604,person604
605,3,2,2,3000,1,3,1,2,1,3,1,5,2,2,2,5,1,5,1,1,Jerusalem ,1,1000605,person605
606,3,6,4,2000,1.5,3,4,2,3,4,2,5,3,2,3,4,1,1,2,3, ,1,1000606,person606
607,1,12,3,3000,1,3,2,1,1,1,5,1,4,3,4,4,2,3,2,3, ,1,1000607,person607
608,3,12,5,3000,2,3,4,4,1,4,1,5,2,4,2,4,3,1,4,5, ,1,1000608,person608
609,4,1,3,4000,1,3,3,4,4,2,3,1,4,5,4,3,1,1,3,2, ,,1000609,person609
610,4,12,3,2000,1,3,2,2,4,3,1,4,4,1,4,3,3,1,4,1, ,1,1000610,person610
611,4,12,3,4000,1.5,3,3,5,5,4,3,5,5,5,5,3,1,1,4,3,Jerusalem ,1,1000611,person611
612,4,12,4,2000,1.5,3,3,3,2,4,1,5,2,3,2,4,1,1,4,1, ,1,1000612,person612
613,5,6,1,3000,1,3,1,1,3,4,1,5,1,1,1,5,1,3,4,4,Merkaz,1,1000613,person613
614,3,12,3,4000,1,3,3,2,2,3,1,3,1,1,1,2,1,3,2,1, ,1,1000614,person614
615,4,12,3,3000,1,3,2,4,5,3,2,5,4,4,4,2,5,3,3,2, ,1,1000615,person615
616,3,12,3,6000,1.5,3,2,2,2,3,1,5,2,3,2,2,1,1,3,2,Beer Sheba,1,1000616,person616
617,5,12,3,4000,1.5,3,4,4,2,1,1,3,3,1,3,3,5,3,4,3,Jerusalem ,1,1000617,person617
618,3,12,2,3000,1,3,1,2,2,1,1,5,5,3,5,1,5,1,3,1,Beer Sheba,1,1000618,person618
619,3,1,1,3000,1,3,1,1,1,1,1,3,1,1,1,5,1,3,1,1, ,,1000619,person619
620,5,12,4,6000,1.5,3,4,3,2,4,1,3,3,1,3,3,1,1,3,1,Beer Sheba,1,1000620,person620
621,4,12,3,4000,1,3,4,3,2,4,2,4,4,2,4,4,2,1,4,3,Beer Sheba,1,1000621,person621
622,4,12,5,4000,1.5,3,2,4,4,4,2,4,5,5,5,3,1,1,4,5,Beer Sheba,1,1000622,person622
623,5,12,5,4000,2,3,4,5,4,5,4,3,5,5,5,1,2,2,4,3, ,,1000623,person623
624,3,1,3,4000,2,3,1,2,3,4,5,5,4,3,4,5,2,1,4,4, ,1,1000624,person624
625,3,12,3,2000,2,3,4,5,3,3,4,5,4,2,4,2,1,4,4,2, ,1,1000625,person625
626,3,12,3,6000,1.5,3,4,3,4,5,1,5,5,3,5,1,3,1,4,4, ,1,1000626,person626
627,5,24,3,4000,2,3,1,1,5,1,1,1,3,1,3,1,5,1,1,1, ,1,1000627,person627
628,3,12,4,3000,1.5,3,1,3,3,3,1,5,3,3,3,3,1,2,2,1,Jerusalem ,1,1000628,person628
629,5,2,1,3000,1.5,3,1,4,3,3,1,5,5,2,5,4,3,1,3,3, ,1,1000629,person629
630,1,6,3,4000,2,3,3,5,5,5,5,5,5,5,5,5,1,1,5,5, ,1,1000630,person630
631,3,12,3,4000,1.5,3,2,3,3,5,4,3,4,3,4,3,1,1,2,2, ,1,1000631,person631
632,2,6,4,6000,1,3,2,3,3,4,2,5,4,3,4,4,1,1,4,4, ,1,1000632,person632
633,5,12,4,7000,1.5,3,4,5,4,1,3,5,3,4,3,1,5,1,3,1, ,1,1000633,person633
634,3,12,5,3000,2,3,3,3,3,3,2,5,2,2,2,5,3,1,3,4,Jerusalem ,1,1000634,person634
635,5,12,3,4000,2,3,3,4,5,5,1,5,2,2,2,1,1,1,5,5, ,1,1000635,person635
636,5,24,3,4000,1.5,3,5,4,5,5,5,1,4,3,4,1,5,3,5,1, ,1,1000636,person636
637,5,12,5,4000,2,3,4,3,1,5,5,5,5,1,5,1,1,1,5,4, ,1,1000637,person637
638,5,6,4,4000,2,3,1,2,5,5,1,5,5,1,5,1,1,1,2,4, ,1,1000638,person638
639,5,6,3,4000,1.5,3,3,4,4,5,3,4,3,3,2,4,4,2,4,3, ,1,1000639,person639
640,3,12,2,3000,1,3,4,2,2,3,4,1,3,4,4,2,5,3,3,5, ,0,1000640,person640
641,3,12,1,2000,1,3,1,4,3,3,4,2,3,1,2,4,1,1,2,1, ,1,1000641,person641
642,1,6,3,3000,1,3,2,4,4,5,3,4,3,4,4,5,1,5,5,5, ,1,1000642,person642
643,1,12,1,3000,1.5,3,2,4,4,2,3,5,3,2,2,4,5,1,4,3, ,0,1000643,person643
644,5,6,3,3000,2,3,3,4,2,5,5,5,5,1,1,3,4,2,4,2, ,1,1000644,person644
645,3,2,2,2000,1.5,5,1,4,1,4,2,5,3,1,1,4,1,4,1,1, ,1,1000645,person645
646,4,12,3,3000,1.5,3,3,5,3,4,3,5,2,4,4,4,5,1,3,3, ,1,1000646,person646
647,3,12,4,3000,2,2,3,5,4,2,1,1,3,4,3,4,5,1,3,4, ,0,1000647,person647
648,3,6,2,4000,1,3,2,2,4,2,4,5,4,3,3,4,3,1,4,3, ,1,1000648,person648
649,1,12,5,3000,2,4,3,2,3,3,3,4,2,3,5,4,2,1,4,2,Jerusalem ,1,1000649,person649
650,4,6,4,3000,2,2,3,3,3,4,3,5,4,3,1,4,1,1,4,5, ,1,1000650,person650
651,5,24,5,8000,2,4,5,5,3,5,5,5,4,5,5,1,1,1,5,5, ,0,1000651,person651
652,3,12,4,8000,1,4,1,3,2,4,1,2,5,1,3,3,1,1,3,4,Jerusalem ,1,1000652,person652
653,2,12,3,4000,2,5,4,5,4,5,5,5,2,5,5,3,4,1,4,5, ,,1000653,person653
654,4,12,4,2000,1.5,2,3,3,5,3,2,5,1,1,4,4,1,1,3,2, ,1,1000654,person654
655,5,12,3,3000,1.5,1,2,5,5,1,5,1,1,5,5,5,5,1,4,1,Haifa,1,1000655,person655
656,5,12,2,2000,1,1,3,5,4,3,5,5,4,5,3,3,5,3,3,1, ,0,1000656,person656
657,3,12,2,5000,1.5,4,1,3,2,4,5,4,2,4,3,4,1,1,4,3, ,1,1000657,person657
658,4,24,4,8000,2,2,3,5,4,4,4,5,3,3,5,2,4,1,3,3,Beer Sheba,1,1000658,person658
659,5,24,4,5000,1.5,3,3,4,5,4,3,4,5,3,5,1,2,1,5,4,Beer Sheba,,1000659,person659
660,1,12,4,3000,1.5,5,2,5,4,3,3,5,1,5,5,1,5,5,3,2,Beer Sheba,1,1000660,person660
661,5,24,3,8000,2,1,3,5,5,5,5,1,3,3,5,1,1,1,3,3,Beer Sheba,1,1000661,person661
662,4,6,3,2000,1,3,3,5,4,4,3,2,4,3,4,4,3,5,4,4, ,1,1000662,person662
663,5,12,5,3000,1.5,4,3,3,3,2,4,5,5,4,2,5,2,1,4,2, ,1,1000663,person663
664,4,12,4,6000,2,5,1,3,4,3,1,5,5,4,4,4,1,1,4,1, ,1,1000664,person664
665,3,24,3,4000,1,5,3,5,5,4,3,3,4,4,4,1,5,5,5,3, ,1,1000665,person665
666,5,1,4,4000,1.5,4,2,4,2,3,2,5,4,2,5,1,1,1,5,1,Jerusalem ,1,1000666,person666
667,4,6,4,4000,2,4,3,4,3,4,2,5,5,5,5,2,1,1,5,4, ,1,1000667,person667
668,4,24,5,8000,2,5,4,5,4,5,5,2,3,4,4,1,1,1,5,5, ,1,1000668,person668
669,3,24,3,4000,1,3,3,5,4,3,1,3,3,5,5,2,5,1,2,5, ,1,1000669,person669
670,5,24,2,4000,1,3,1,5,1,5,1,5,5,3,5,4,1,1,4,1, ,1,1000670,person670
671,5,24,4,6000,1.5,5,3,5,5,2,3,4,5,5,4,1,5,1,4,2, ,,1000671,person671
672,5,12,5,7000,2,5,4,3,4,5,4,5,4,3,5,2,1,1,4,5, ,,1000672,person672
673,3,12,3,3000,1.5,4,3,3,4,3,1,5,4,1,3,3,3,2,3,3,Jerusalem ,1,1000673,person673
674,5,24,3,5000,1.5,4,4,5,5,5,3,1,3,3,4,3,5,5,5,3, ,1,1000674,person674
675,5,12,3,4000,2,3,4,4,4,5,1,5,2,4,5,3,1,1,4,2,Otef Azza,0,1000675,person675
676,3,12,4,2000,1.5,2,4,4,5,5,2,5,2,4,4,5,4,1,4,2,Otef Azza,0,1000676,person676
677,5,12,2,4000,1,2,1,3,3,5,1,5,4,5,5,3,5,1,3,1, ,1,1000677,person677
678,5,12,4,6000,2,4,3,5,5,5,3,3,5,4,5,1,3,1,3,4, ,1,1000678,person678
679,1,12,3,5000,1.5,5,4,4,3,4,3,1,5,5,5,1,5,1,3,5, ,1,1000679,person679
680,4,12,2,4000,1,5,3,3,5,5,1,1,3,4,5,2,3,3,5,3, ,1,1000680,person680
681,5,12,4,4000,1.5,3,2,1,2,3,1,2,3,5,5,1,5,3,3,3, ,1,1000681,person681
682,5,12,6,3000,2,3,3,4,5,3,1,3,3,3,4,1,3,1,3,3, ,1,1000682,person682
683,5,24,2,4000,1,5,5,3,3,5,1,3,3,5,5,1,1,1,3,5, ,1,1000683,person683
684,1,12,3,3000,1.5,3,5,4,5,4,1,1,5,3,5,3,5,2,3,3,Beer Sheba,1,1000684,person684
685,3,12,5,6000,1.5,2,5,5,4,5,5,5,3,3,4,3,1,2,5,5,Beer Sheba,,1000685,person685
686,5,6,4,6000,2,3,3,4,4,4,5,4,2,3,4,3,1,1,2,5,Beer Sheba,1,1000686,person686
687,3,12,3,4000,1.5,4,4,5,3,5,2,5,3,3,4,4,2,1,3,2,Beer Sheba,1,1000687,person687
688,5,12,4,6000,2,2,5,5,5,5,4,4,4,5,5,1,1,1,3,5, ,1,1000688,person688
689,5,24,4,3000,1.5,4,2,5,5,3,1,5,2,3,3,1,1,1,5,4, ,1,1000689,person689
690,3,24,4,7000,1.5,4,3,5,3,5,3,5,4,5,5,1,5,1,5,5, ,1,1000690,person690
691,3,6,3,8000,2,5,3,3,3,4,1,3,4,5,3,5,1,2,3,3, ,1,1000691,person691
692,1,12,2,4000,1,2,2,2,4,2,4,1,5,4,5,4,1,1,1,2, ,1,1000692,person692
693,5,24,4,7000,1,1,2,5,4,4,4,1,2,3,4,1,5,1,3,1, ,,1000693,person693
694,5,24,5,4000,1.5,1,3,4,4,4,4,2,1,4,4,2,2,1,3,4,Otef Azza,0,1000694,person694
695,5,12,5,4000,1.5,4,4,4,2,2,3,5,1,3,4,1,5,1,4,4,Otef Azza,0,1000695,person695
696,5,24,5,4000,2,2,2,5,5,3,2,5,4,5,5,1,5,1,5,3,Jerusalem ,1,1000696,person696
697,5,12,5,4000,2,3,5,5,5,3,5,5,2,3,5,3,3,3,5,5,Otef Azza,0,1000697,person697
698,5,12,2,5000,1,5,4,4,5,5,2,1,3,4,5,2,4,5,4,2, ,1,1000698,person698
699,5,12,3,5000,2,1,3,3,5,5,3,3,5,5,5,3,1,3,3,5,Otef Azza,0,1000699,person699
700,5,12,4,4000,1.5,3,3,3,4,5,1,5,1,3,3,3,3,1,5,5, ,,1000700,person700
701,5,12,3,4000,1,4,3,5,3,3,3,1,3,5,4,3,3,2,4,1, ,1,1000701,person701
702,4,6,4,4000,2,5,2,3,5,5,3,5,4,2,3,4,1,1,4,3,Jerusalem ,1,1000702,person702
703,5,24,4,6000,2,5,4,5,5,5,5,2,5,5,5,1,5,1,4,5, ,1,1000703,person703
704,1,12,2,5000,1,4,3,5,5,5,5,1,5,5,5,1,2,4,4,5, ,1,1000704,person704
705,5,12,2,4000,1,4,2,4,5,5,1,5,4,5,5,1,5,1,1,1,Jerusalem ,1,1000705,person705
706,5,24,4,5000,1.5,5,5,5,5,4,4,5,4,3,5,1,5,1,5,3,Otef Azza,0,1000706,person706
707,5,12,4,5000,1.5,3,2,4,5,5,4,5,5,5,4,1,1,1,5,3, ,1,1000707,person707
708,5,12,5,4000,1.5,3,2,2,5,3,1,5,3,3,3,4,4,1,4,4,Jerusalem ,1,1000708,person708
709,4,12,4,4000,1.5,5,4,1,3,5,3,4,3,4,3,1,4,5,4,1, ,1,1000709,person709
710,5,12,4,4000,1.5,5,2,4,5,3,1,5,5,3,5,1,1,1,3,5,Otef Azza,0,1000710,person710
711,5,12,6,4000,2,4,3,5,1,1,4,5,5,3,2,3,4,1,5,5,Otef Azza,0,1000711,person711
712,5,12,3,3000,1,4,1,4,5,5,1,5,4,3,4,4,1,1,4,3, ,1,1000712,person712
713,1,6,3,6000,1,3,3,5,5,5,3,5,4,5,2,3,5,1,5,1, ,1,1000713,person713
714,5,,5,7000,2,2,5,5,5,5,5,1,3,4,5,3,4,1,4,5, ,1,1000714,person714
715,3,12,2,3000,1,2,3,1,1,1,1,5,2,4,4,3,1,1,2,3, ,1,1000715,person715
716,1,2,1,3000,1,4,2,5,3,5,1,5,2,1,1,5,1,2,1,2, ,1,1000716,person716
717,1,12,3,7000,1.5,5,1,3,5,4,1,1,4,5,5,3,4,4,4,4, ,1,1000717,person717
718,5,24,6,8000,2,5,4,5,5,5,5,5,5,4,5,1,1,1,5,5, ,1,1000718,person718
719,5,2,6,6000,2,3,3,4,5,5,5,5,5,5,5,1,1,1,4,3, ,,1000719,person719
720,1,12,3,4000,1,3,1,4,5,3,1,3,3,4,5,1,5,1,4,3, ,1,1000720,person720
721,5,12,2,2000,1.5,5,3,1,5,5,1,5,3,3,4,5,5,4,3,5, ,1,1000721,person721
722,4,24,5,7000,2,3,5,5,5,3,5,4,3,4,5,1,5,1,5,3, ,1,1000722,person722
723,3,12,1,4000,1,2,1,4,4,5,4,5,3,5,5,5,1,1,4,2, ,1,1000723,person723
724,3,24,5,4000,2,3,2,2,2,2,4,5,5,5,5,2,1,1,3,3, ,1,1000724,person724
725,5,24,4,2000,1,4,2,3,4,3,1,5,3,1,3,3,1,1,3,3,Haifa,1,1000725,person725
726,3,24,2,4000,1,2,3,2,3,3,5,1,2,3,3,2,3,3,3,4, ,1,1000726,person726
727,4,12,4,,2,4,5,5,5,5,5,5,3,2,4,5,3,1,4,3, ,1,1000727,person727
728,5,24,5,3000,2,4,5,5,5,4,5,5,4,3,3,2,5,3,5,1, ,0,1000728,person728
729,3,12,4,7000,1.5,5,2,2,3,3,1,5,2,2,2,3,1,1,3,3,Jerusalem ,1,1000729,person729
730,3,12,4,2000,1.5,2,2,1,1,2,1,5,4,5,4,3,3,5,3,4, ,,1000730,person730
731,5,6,2,4000,1.5,1,4,4,5,4,4,5,4,2,3,5,1,1,2,4, ,,1000731,person731
732,1,24,6,8000,2,1,4,5,4,4,4,3,5,3,4,1,1,1,4,3, ,1,1000732,person732
733,2,12,2,4000,1,4,5,4,5,5,4,5,2,4,3,3,3,1,5,5, ,1,1000733,person733
734,4,12,3,6000,2,2,3,5,5,5,3,5,1,3,5,4,1,2,4,3, ,1,1000734,person734
735,5,12,2,2000,1,3,3,4,4,5,2,5,1,3,5,4,4,3,3,3, ,,1000735,person735
736,4,12,2,3000,1.5,5,2,3,4,4,2,1,4,4,4,4,4,1,4,3, ,1,1000736,person736
737,5,12,4,4000,1.5,1,4,3,5,5,1,5,2,5,5,2,2,1,5,5, ,0,1000737,person737
738,3,24,4,4000,2,3,5,4,5,3,3,5,3,3,3,3,1,1,3,5, ,1,1000738,person738
739,4,12,3,3000,1,4,1,2,5,3,1,4,5,2,5,4,1,1,4,1, ,1,1000739,person739
740,5,12,6,4000,2,5,5,5,5,5,3,5,1,3,3,1,5,1,3,5, ,1,1000740,person740
741,5,12,5,7000,2,5,5,5,5,5,5,3,3,3,5,1,1,1,5,5, ,1,1000741,person741
742,5,12,4,2000,1,4,1,1,5,5,1,5,4,5,5,3,2,1,3,3, ,1,1000742,person742
743,4,24,4,3000,2,4,5,4,5,3,5,5,5,5,3,1,5,1,1,5, ,1,1000743,person743
744,1,12,2,4000,1,5,4,3,5,5,3,5,5,4,4,1,2,1,4,1, ,1,1000744,person744
745,1,6,5,6000,2,3,5,5,5,5,5,1,4,4,5,2,1,1,4,4, ,1,1000745,person745
746,1,12,3,6000,1.5,3,5,5,4,5,5,5,4,5,5,1,1,1,5,3, ,1,1000746,person746
747,5,24,5,4000,2,5,5,5,5,5,5,5,5,3,2,1,1,1,4,4, ,0,1000747,person747
748,5,24,4,4000,2,5,4,5,2,3,4,5,3,3,4,1,5,2,5,5, ,0,1000748,person748
749,5,12,3,7000,1.5,4,5,5,5,5,5,5,3,5,4,3,2,1,5,3, ,1,1000749,person749
750,5,12,5,8000,2,4,5,5,5,5,5,1,5,5,5,1,5,5,5,5, ,1,1000750,person750
751,4,12,3,3000,1.5,3,3,2,4,4,5,4,5,3,5,3,2,2,4,3, ,1,1000751,person751
752,5,12,4,8000,1.5,2,1,5,3,3,3,1,4,4,4,1,5,1,3,3, ,1,1000752,person752
753,5,12,5,7000,2,2,1,2,1,5,3,5,4,5,5,5,1,5,5,5, ,1,1000753,person753
754,5,24,1,4000,1,4,3,4,5,4,5,5,3,3,5,3,3,3,4,3, ,1,1000754,person754
755,5,24,4,8000,2,5,5,5,5,5,5,5,2,3,1,1,1,1,4,5, ,1,1000755,person755
756,5,12,4,7000,1.5,5,1,4,5,5,1,5,2,4,1,1,3,4,5,1, ,1,1000756,person756
757,5,1,1,2000,1,3,1,5,2,5,1,5,4,4,2,5,1,1,1,3, ,1,1000757,person757
758,1,24,4,7000,2,3,3,5,2,5,4,4,5,2,2,3,1,3,5,1, ,1,1000758,person758
759,3,12,3,6000,2,3,5,5,3,3,5,1,5,4,4,1,5,1,4,5, ,,1000759,person759
760,3,6,4,4000,1.5,3,2,4,3,4,2,1,3,5,3,3,3,3,3,3, ,1,1000760,person760
761,2,12,3,6000,1,5,3,2,4,5,4,5,3,4,3,4,1,1,2,2,Jerusalem ,1,1000761,person761
762,3,12,3,2000,1.5,3,1,1,2,5,2,1,5,5,5,1,1,1,3,1, ,1,1000762,person762
763,4,24,4,3000,1.5,2,5,5,2,4,5,5,3,2,5,1,3,1,4,5,North,0,1000763,person763
764,5,24,5,6000,2,3,3,5,5,5,5,2,2,1,5,1,1,1,3,5, ,1,1000764,person764
765,5,12,5,8000,2,4,4,4,3,4,1,5,3,3,3,4,1,1,4,4,Merkaz,1,1000765,person765
766,5,12,5,6000,2,2,5,5,1,1,5,1,4,5,5,1,1,5,5,5,Merkaz,1,1000766,person766
767,2,12,2,3000,2,4,5,5,5,5,3,1,2,4,4,5,5,1,3,5, ,1,1000767,person767
768,5,24,6,3000,2,4,5,2,5,2,5,5,4,5,5,3,5,1,5,5, ,1,1000768,person768
769,4,12,3,3000,1,5,3,5,4,5,2,5,4,5,3,3,5,1,3,4,North,0,1000769,person769
770,5,24,3,4000,1.5,2,4,5,3,5,3,5,5,2,3,3,1,1,3,3, ,1,1000770,person770
771,3,12,6,2000,2,1,2,4,4,2,1,5,2,4,4,4,2,1,4,4, ,1,1000771,person771
772,1,24,3,6000,1,1,3,5,5,4,1,5,1,5,5,4,5,3,4,1, ,1,1000772,person772
773,5,12,2,3000,1,4,3,5,1,4,5,3,1,5,5,1,5,5,4,1, ,0,1000773,person773
774,4,12,6,8000,2,2,4,5,5,5,4,3,4,4,5,1,3,1,5,3,Tel Aviv,1,1000774,person774
775,4,12,3,3000,1,3,4,1,5,4,1,1,2,4,3,4,4,1,4,1, ,1,1000775,person775
776,5,12,4,4000,1.5,5,3,3,1,1,3,5,3,5,5,1,4,4,3,3, ,,1000776,person776
777,5,24,5,7000,2,1,5,5,5,5,5,5,5,3,5,3,3,1,5,5, ,1,1000777,person777
778,5,12,4,6000,2,3,5,3,5,5,1,5,1,3,4,2,1,1,3,5, ,1,1000778,person778
779,4,12,3,4000,1,4,5,5,1,5,1,1,3,4,5,1,5,1,4,4, ,1,1000779,person779
780,3,12,2,4000,1,5,4,3,5,5,3,2,4,4,5,5,4,2,4,5, ,1,1000780,person780
781,5,12,4,8000,1.5,5,3,5,5,3,5,3,5,4,3,3,5,1,4,4, ,1,1000781,person781
782,5,24,4,6000,2,4,5,5,4,5,2,2,5,4,5,1,5,1,5,5, ,1,1000782,person782
783,3,12,4,2000,2,4,1,3,1,3,1,5,4,4,3,4,1,3,4,4,Jerusalem ,1,1000783,person783
784,3,6,4,5000,2,5,5,5,5,5,3,5,4,3,3,1,2,1,3,5,Jerusalem ,1,1000784,person784
785,1,12,4,6000,1,3,4,5,1,1,3,1,5,5,5,4,1,1,5,4, ,0,1000785,person785
786,3,24,3,8000,2,3,5,5,5,5,5,4,3,5,5,3,5,1,5,5, ,1,1000786,person786
787,1,12,3,5000,1.5,5,2,2,5,5,2,2,3,3,5,1,2,5,4,3, ,1,1000787,person787
788,5,24,5,6000,2,5,5,3,5,5,5,5,5,2,4,1,5,1,5,4, ,1,1000788,person788
789,5,12,4,8000,1.5,4,1,3,4,1,1,5,5,1,2,1,5,1,1,5,Jerusalem ,1,1000789,person789
790,3,24,4,8000,2,4,4,5,5,4,4,1,4,5,5,5,5,1,5,5, ,1,1000790,person790
791,3,24,3,6000,2,3,3,5,5,5,5,5,4,1,4,1,5,1,3,5, ,1,1000791,person791
792,1,12,3,6000,1,2,3,5,5,5,1,5,3,1,2,2,1,1,4,5, ,1,1000792,person792
793,2,2,3,7000,1.5,2,5,4,5,5,4,1,2,5,5,4,1,1,4,5, ,1,1000793,person793
794,5,12,4,8000,2,4,3,4,2,5,3,5,2,2,5,1,5,1,3,4, ,1,1000794,person794
795,5,6,3,5000,1,5,1,5,5,4,3,1,4,5,5,3,1,1,5,1, ,1,1000795,person795
796,3,6,1,2000,1,5,2,5,5,5,5,5,5,4,5,3,3,1,5,4, ,1,1000796,person796
797,5,24,3,4000,2,3,3,2,5,5,4,2,5,5,5,5,1,1,4,5, ,1,1000797,person797
798,5,6,3,4000,1,3,3,2,5,4,5,5,3,3,2,5,4,1,4,3,Ariel,1,1000798,person798
799,5,12,4,6000,1.5,3,3,5,5,5,3,5,3,1,1,1,5,1,3,5, ,1,1000799,person799
800,5,24,3,4000,1,3,4,5,3,5,5,1,3,5,5,2,1,4,5,5, ,,1000800,person800
801,3,6,3,4000,1,3,3,1,4,5,1,1,3,1,1,4,1,1,3,4,Tel Aviv,1,1000801,person801
802,5,2,4,5000,1.5,3,4,4,5,5,2,1,3,5,5,1,5,1,4,5, ,1,1000802,person802
803,5,24,4,2000,2,3,2,3,4,4,1,5,3,4,2,2,1,1,5,1, ,1,1000803,person803
804,4,12,3,6000,1.5,5,2,3,3,5,1,1,3,3,3,1,1,1,2,1, ,1,1000804,person804
805,2,6,3,2000,2,3,1,5,4,5,2,1,3,5,3,2,2,3,3,1, ,1,1000805,person805
806,5,2,4,9000,2,2,5,5,5,5,5,5,3,4,5,1,5,5,5,4, ,1,1000806,person806
807,5,12,4,5000,1.5,3,3,3,4,3,1,4,3,2,5,1,3,1,4,3, ,1,1000807,person807
808,5,12,3,8000,1,4,2,5,4,5,2,1,3,5,5,1,3,1,4,4, ,1,1000808,person808
809,3,12,5,4000,2,2,2,4,5,2,1,5,3,3,2,1,1,1,4,3, ,0,1000809,person809
810,5,12,3,8000,1.5,4,4,5,1,5,3,1,5,4,5,3,1,1,5,5, ,1,1000810,person810
811,3,24,4,5000,1,4,3,5,4,4,1,3,3,5,5,3,1,1,5,5, ,1,1000811,person811
812,4,12,5,6000,2,5,4,4,5,5,4,5,2,3,4,2,2,1,4,4, ,,1000812,person812
813,3,24,3,4000,1.5,2,4,5,5,1,1,1,3,4,4,1,3,2,3,1,Merkaz,1,1000813,person813
814,5,24,4,7000,2,1,4,5,3,2,5,5,4,2,2,1,1,1,4,5, ,,1000814,person814
815,5,12,4,2000,1.5,1,5,5,5,5,3,1,2,2,4,2,3,1,2,5, ,1,1000815,person815
816,5,24,4,6000,2,4,1,5,5,1,4,5,4,5,5,1,5,1,5,5, ,0,1000816,person816
817,5,12,3,4000,1,2,4,5,2,5,3,5,4,4,5,1,1,1,4,2, ,1,1000817,person817
818,5,12,3,4000,1.5,3,4,5,5,3,1,5,5,3,5,1,3,1,4,2, ,,1000818,person818
819,5,12,4,3000,1.5,5,5,5,5,4,1,5,2,5,3,4,1,4,4,5,Jerusalem ,1,1000819,person819
820,5,24,4,4000,2,1,3,5,2,4,3,1,1,3,5,1,5,1,3,3, ,1,1000820,person820
821,3,1,5,4000,2,3,5,3,5,4,4,5,1,1,5,3,1,3,5,5,Merkaz,1,1000821,person821
822,3,12,3,6000,1.5,4,4,4,5,4,4,3,4,4,4,3,1,1,4,3,Jerusalem ,1,1000822,person822
823,2,6,3,4000,1,5,5,4,5,3,2,1,2,5,5,5,4,3,4,4, ,1,1000823,person823
824,4,6,3,6000,1,5,2,2,4,5,2,1,3,2,3,4,1,1,2,1, ,1,1000824,person824
825,1,24,5,6000,2,4,4,5,3,5,4,4,5,3,5,3,5,1,4,5,Merkaz,1,1000825,person825
826,5,12,5,6000,2,4,2,4,5,5,5,3,1,4,5,1,2,1,5,5, ,1,1000826,person826
827,5,12,2,3000,1,5,1,3,1,4,1,1,3,3,3,2,2,1,2,1, ,1,1000827,person827
828,2,12,4,5000,1,3,5,2,5,5,5,1,4,5,5,1,1,1,4,5, ,1,1000828,person828
829,5,12,3,5000,1.5,3,2,5,5,4,3,1,5,5,5,1,2,2,3,5,Merkaz,1,1000829,person829
830,5,24,3,4000,1.5,5,3,1,4,3,3,1,5,2,5,3,1,1,4,5, ,1,1000830,person830
831,4,24,4,4000,1.5,5,4,3,4,4,3,5,4,4,5,2,1,2,4,5, ,0,1000831,person831
832,5,12,2,4000,1,4,5,4,4,5,3,3,4,3,5,2,1,1,5,5, ,1,1000832,person832
833,5,24,3,4000,1.5,4,3,3,2,5,3,5,5,5,5,3,1,1,5,5, ,1,1000833,person833
834,1,24,3,8000,1,3,1,3,3,5,1,1,3,5,5,4,1,3,5,1, ,1,1000834,person834
835,4,12,5,9000,2,2,3,5,5,5,1,5,3,1,3,3,2,5,4,1, ,1,1000835,person835
836,5,12,5,6000,2,2,4,5,5,5,3,5,5,4,5,2,4,1,4,2, ,1,1000836,person836
837,4,12,4,3000,2,4,4,3,5,5,4,1,5,5,5,4,5,1,3,5, ,,1000837,person837
838,4,2,4,6000,2,5,5,5,3,5,5,5,4,4,5,3,4,1,4,3, ,1,1000838,person838
839,1,12,2,4000,1.5,5,2,5,5,5,3,5,4,2,4,3,5,3,5,4, ,,1000839,person839
840,5,12,3,6000,1.5,5,2,4,5,5,3,1,3,5,5,1,5,1,5,5, ,1,1000840,person840
841,1,2,2,5000,1,5,2,4,5,5,3,1,2,5,5,3,3,1,4,2, ,,1000841,person841
842,3,24,3,5000,1.5,4,3,3,3,3,1,3,2,3,5,1,4,2,3,4,Merkaz,1,1000842,person842
843,3,24,4,4000,1.5,4,5,5,4,5,3,5,4,3,1,1,1,1,4,5, ,,1000843,person843
844,5,24,1,3000,1.5,5,3,5,4,2,4,5,5,4,4,4,2,1,3,4, ,,1000844,person844
845,1,12,4,4000,2,3,2,5,3,5,1,1,5,3,5,4,5,3,3,5, ,1,1000845,person845
846,5,12,5,4000,1.5,3,5,3,5,5,4,5,5,4,5,1,1,1,4,3, ,0,1000846,person846
847,5,24,3,4000,1,5,1,1,3,5,1,1,3,1,1,4,4,4,4,3, ,1,1000847,person847
848,4,1,1,3000,1,5,3,3,4,5,1,1,2,5,5,5,1,1,2,1, ,1,1000848,person848
849,5,6,2,3000,1.5,4,4,5,5,3,3,5,3,5,3,3,1,1,4,3, ,0,1000849,person849
850,5,24,4,4000,2,4,5,5,3,3,3,5,4,1,1,1,1,1,5,5, ,1,1000850,person850
851,3,24,2,4000,1,3,2,3,4,5,1,1,2,5,5,3,5,1,3,5, ,1,1000851,person851
852,5,6,5,7000,2,2,3,4,5,4,3,4,4,4,2,4,4,4,5,2, ,1,1000852,person852
853,5,24,4,5000,2,2,5,5,3,3,2,5,4,5,5,1,1,1,5,5, ,1,1000853,person853
854,1,24,6,4000,1,4,3,1,5,4,3,1,5,1,1,3,5,1,3,3, ,1,1000854,person854
855,5,24,6,10000,2,5,4,5,5,5,5,2,2,4,5,3,5,1,5,5, ,0,1000855,person855
856,4,12,3,2000,1.5,5,1,2,4,4,1,5,1,5,5,5,1,1,4,4, ,1,1000856,person856
857,5,12,4,5000,1.5,5,1,3,5,5,2,1,1,2,1,1,1,1,4,4,Jerusalem ,1,1000857,person857
858,4,24,5,7000,2,3,3,5,5,3,3,3,4,3,5,1,5,2,5,3,Jerusalem ,1,1000858,person858
859,5,24,6,10000,2,2,2,5,5,5,4,5,2,1,2,1,5,5,4,2, ,,1000859,person859
860,1,12,2,3000,1,3,5,5,5,3,1,1,3,5,5,3,3,1,3,1, ,0,1000860,person860
861,4,12,3,3000,1.5,4,2,2,3,4,3,4,5,2,4,5,4,2,2,3, ,1,1000861,person861
862,3,24,6,7000,2,2,4,5,3,3,5,5,1,5,5,1,5,1,3,5, ,,1000862,person862
863,5,24,6,8000,2,4,5,5,5,5,5,5,3,1,5,3,1,1,5,5, ,1,1000863,person863
864,4,12,4,2000,1,4,4,3,5,4,1,5,4,4,3,3,4,3,3,3, ,,1000864,person864
865,1,24,3,6000,1.5,5,4,5,3,5,5,1,5,4,5,1,5,1,4,3, ,0,1000865,person865
866,5,12,6,8000,2,2,5,5,5,5,5,5,5,4,5,1,1,2,5,2, ,,1000866,person866
867,2,12,4,7000,2,1,2,3,4,4,2,5,4,3,2,2,1,1,4,4, ,1,1000867,person867
868,5,12,2,6000,1,1,5,1,3,5,5,1,4,4,5,1,1,1,3,3, ,1,1000868,person868
869,5,6,4,5000,1.5,4,5,5,5,5,5,1,5,5,5,1,1,5,5,5, ,1,1000869,person869
870,5,6,3,6000,1,2,1,5,5,5,1,1,3,3,3,3,1,1,4,1, ,,1000870,person870
871,2,24,2,4000,1,3,3,4,4,4,3,1,3,4,4,2,1,1,2,3, ,1,1000871,person871
872,1,24,4,4000,2,5,4,5,5,5,4,1,5,5,5,1,5,1,3,5, ,1,1000872,person872
873,5,24,3,8000,1.5,1,4,4,3,5,4,3,5,4,5,2,1,3,4,2, ,1,1000873,person873
874,2,12,3,3000,1.5,3,2,2,3,1,3,5,4,3,3,3,1,1,3,4,Jerusalem ,1,1000874,person874
875,5,12,5,6000,2,4,3,4,5,5,4,3,4,5,5,1,5,5,5,5, ,,1000875,person875
876,1,12,4,4000,1,5,1,3,2,5,1,2,3,3,5,3,3,2,3,3, ,,1000876,person876
877,5,12,3,4000,2,5,3,5,5,1,3,5,2,4,5,1,1,5,3,1, ,0,1000877,person877
878,5,12,4,4000,2,4,5,5,5,5,4,1,2,3,2,1,2,1,5,3, ,,1000878,person878
879,5,12,3,4000,1,4,5,4,5,5,5,1,4,4,4,1,1,1,5,5,Tel Aviv,1,1000879,person879
880,5,12,6,7000,2,5,4,2,4,5,1,5,5,1,4,4,3,1,3,4, ,1,1000880,person880
881,3,12,3,8000,1.5,3,3,4,4,5,3,1,5,5,3,2,3,1,3,3, ,1,1000881,person881
882,5,12,2,3000,1,3,5,5,2,3,3,5,5,1,1,1,5,1,4,5, ,1,1000882,person882
883,1,6,2,3000,1,5,1,5,3,3,3,4,3,2,3,4,2,3,2,1, ,1,1000883,person883
884,3,24,6,8000,2,5,3,5,4,4,4,4,2,3,3,3,5,1,3,5, ,1,1000884,person884
885,1,12,5,2000,1.5,4,1,5,3,4,1,5,3,3,4,4,5,1,5,4, ,1,1000885,person885
886,5,24,4,4000,2,4,3,5,3,3,3,5,4,3,5,1,2,1,5,3, ,1,1000886,person886
887,2,6,6,10000,2,3,3,4,2,4,5,3,2,3,4,3,1,1,4,3, ,1,1000887,person887
888,4,24,5,7000,2,2,4,4,3,3,3,3,4,3,5,1,1,1,3,3, ,1,1000888,person888
889,4,12,4,7000,2,2,2,4,1,3,2,3,4,1,4,1,1,1,5,4, ,1,1000889,person889
890,5,24,4,4000,1.5,4,5,3,3,5,5,4,5,5,5,1,1,3,4,5, ,1,1000890,person890
891,3,12,3,7000,1.5,5,2,4,4,5,3,1,2,3,3,2,5,1,4,3, ,1,1000891,person891
892,5,24,5,5000,2,5,5,5,5,5,5,5,1,5,5,1,1,1,4,4,Merkaz,1,1000892,person892
893,1,12,4,2000,1.5,3,2,5,5,5,3,5,1,3,4,5,1,2,5,4, ,1,1000893,person893
894,5,1,5,7000,2,5,5,5,5,5,5,5,4,5,5,1,1,3,5,3, ,,1000894,person894
895,2,24,3,4000,1,3,4,5,3,4,5,4,2,5,5,2,1,4,4,2, ,1,1000895,person895
896,4,12,3,4000,1.5,2,4,5,4,4,4,4,3,3,5,1,1,3,4,5, ,1,1000896,person896
897,5,24,2,2000,1,3,4,5,5,5,1,5,5,2,3,4,1,1,4,1, ,0,1000897,person897
898,5,24,4,6000,2,4,3,5,4,4,4,5,1,5,5,1,1,1,4,5, ,1,1000898,person898
899,5,24,5,7000,2,2,5,5,5,5,2,5,3,4,5,1,5,1,5,5,South,0,1000899,person899
900,3,,3,,1.5,4,3,3,3,3,3,3,4,3,3,3,3,3,3,3, ,,1000900,person900
901,4,12,4,4000,2,4,2,3,4,4,1,5,5,3,2,3,1,2,4,3, ,1,1000901,person901
902,5,6,3,4000,1,5,5,5,5,1,1,2,5,5,1,1,1,1,2,3, ,0,1000902,person902
903,1,12,5,8000,2,2,4,5,2,1,4,1,4,4,4,2,5,1,4,1,Jerusalem ,1,1000903,person903
904,4,12,3,3000,1.5,1,2,4,4,4,1,3,4,3,3,3,3,3,3,3, ,1,1000904,person904
905,5,1,2,4000,1,1,5,2,4,5,2,5,5,1,3,5,1,4,4,5, ,1,1000905,person905
906,3,12,4,4000,2,4,3,4,2,4,4,5,3,3,5,3,4,1,4,4, ,1,1000906,person906
907,4,2,4,9000,2,2,3,5,5,1,5,4,3,3,5,3,1,1,3,4, ,,1000907,person907
908,5,2,3,2000,2,3,1,3,3,4,3,1,5,5,5,5,1,3,1,1, ,1,1000908,person908
909,4,6,4,7000,2,5,3,4,3,5,4,4,5,5,4,1,3,1,4,4, ,1,1000909,person909
910,1,6,2,2000,1,1,1,4,1,5,2,3,4,1,1,3,5,2,3,2, ,,1000910,person910
911,4,12,4,3000,2,3,5,4,3,5,4,5,4,4,4,5,4,1,5,5,Jerusalem ,1,1000911,person911
912,5,24,4,5000,2,4,3,5,5,3,4,5,3,5,5,1,2,5,4,5, ,1,1000912,person912
913,4,12,4,4000,1.5,5,3,4,3,3,3,5,2,2,2,1,4,1,4,4, ,1,1000913,person913
914,5,2,2,3000,1.5,5,1,1,5,5,3,5,2,1,1,2,1,1,3,1, ,,1000914,person914
915,5,6,1,4000,1,4,1,2,5,2,1,5,4,3,3,1,1,4,1,1, ,,1000915,person915
916,5,24,5,6000,2,4,5,5,3,3,3,1,5,4,4,1,3,1,4,5, ,,1000916,person916
917,5,12,3,2000,1.5,5,3,4,4,2,3,5,5,3,4,2,3,1,4,3, ,1,1000917,person917
918,5,12,3,4000,2,3,3,4,3,4,3,5,5,1,3,1,1,1,3,1, ,1,1000918,person918
919,5,24,3,4000,1,3,4,4,5,5,3,1,3,3,1,3,3,3,4,5, ,1,1000919,person919
920,4,24,5,3000,1,5,4,5,5,5,2,1,2,3,4,4,5,4,2,5,South,0,1000920,person920
921,1,6,3,6000,1.5,5,4,5,5,5,2,1,3,5,5,3,5,5,4,5, ,1,1000921,person921
922,5,24,4,4000,1,4,3,3,5,5,3,1,4,3,5,1,5,3,5,3, ,1,1000922,person922
923,3,6,1,,1.5,4,3,3,3,5,1,5,2,2,2,4,1,2,2,4, ,1,1000923,person923
924,1,1,3,5000,1.5,3,3,5,5,5,3,1,4,3,3,3,5,1,5,5, ,1,1000924,person924
925,1,12,3,3000,1.5,2,2,3,3,2,3,1,4,3,3,3,1,1,4,5, ,1,1000925,person925
926,5,1,3,5000,1.5,2,4,5,4,5,4,1,5,1,3,3,1,2,5,5, ,1,1000926,person926
927,1,12,2,4000,1,4,2,1,1,5,1,1,2,1,3,5,1,3,1,1,Tel Aviv,1,1000927,person927
928,1,12,2,4000,1,5,4,5,3,5,5,5,1,3,5,5,1,3,4,5, ,,1000928,person928
929,3,6,3,3000,1,5,1,4,3,3,1,1,1,1,3,5,5,1,3,3, ,1,1000929,person929
930,5,6,4,5000,1,5,3,4,5,5,3,2,4,5,5,3,1,1,3,5, ,1,1000930,person930
931,3,,3,,1.5,3,3,3,3,3,3,3,2,3,3,3,3,3,3,3, ,,1000931,person931
932,5,12,3,3000,1,2,3,4,3,4,5,3,3,1,2,3,1,2,3,5, ,0,1000932,person932
933,5,24,3,4000,1,3,5,5,5,4,1,3,5,3,5,1,5,1,4,2, ,1,1000933,person933
934,4,24,2,5000,1,4,1,3,5,5,1,5,1,3,4,1,5,1,3,3, ,1,1000934,person934
935,3,12,5,7000,2,2,5,5,5,5,5,1,3,5,5,1,4,1,5,5, ,1,1000935,person935
936,3,12,4,4000,1.5,4,1,4,1,3,5,1,4,3,5,1,5,1,2,1, ,1,1000936,person936
937,1,6,3,4000,1,4,5,3,3,2,2,1,5,1,4,4,1,1,3,5, ,1,1000937,person937
938,5,24,3,10000,1.5,5,1,4,4,5,5,1,5,3,5,1,5,3,5,5, ,1,1000938,person938
939,4,12,3,6000,1.5,2,4,5,5,5,3,5,4,5,5,4,2,1,4,4, ,1,1000939,person939
940,3,12,5,4000,1.5,1,3,5,3,5,1,1,4,4,5,3,1,3,3,4, ,1,1000940,person940
941,1,12,4,4000,2,1,1,5,3,5,4,1,5,4,4,1,3,1,5,5,Tel Aviv,1,1000941,person941
942,5,12,1,2000,1.5,4,3,4,1,3,3,1,3,5,3,5,1,5,3,5,Jerusalem ,1,1000942,person942
943,5,24,3,4000,2,2,1,1,5,1,1,1,3,1,3,1,4,1,1,3, ,1,1000943,person943
944,5,24,2,5000,1,3,5,5,4,5,5,5,5,5,3,1,1,1,4,5, ,1,1000944,person944
945,5,12,5,4000,2,5,3,4,5,3,5,5,5,4,5,1,1,1,4,1, ,0,1000945,person945
946,5,24,4,6000,1.5,1,5,5,5,3,5,5,4,3,5,4,5,1,4,5, ,1,1000946,person946
947,1,1,4,3000,1.5,3,1,3,4,1,1,3,4,3,5,3,3,3,3,3, ,1,1000947,person947
948,1,6,1,2000,1,4,1,1,1,1,1,1,3,1,1,1,1,1,1,1, ,1,1000948,person948
949,5,12,3,4000,1.5,5,4,4,3,4,5,5,2,2,3,3,3,1,3,3, ,0,1000949,person949
950,3,12,2,4000,1.5,5,5,5,5,4,4,5,2,4,3,4,4,4,4,4, ,1,1000950,person950
951,4,6,4,4000,1,4,3,4,5,5,1,3,4,2,2,3,1,1,3,3, ,1,1000951,person951
952,3,6,4,3000,2,4,3,5,5,5,1,5,5,5,5,5,1,1,3,5, ,1,1000952,person952
953,5,24,6,8000,2,5,5,5,5,5,3,5,5,4,5,1,3,1,5,5, ,,1000953,person953
954,5,12,3,2000,1,3,1,3,1,4,1,5,3,4,2,5,1,3,3,3, ,1,1000954,person954
955,4,24,5,10000,2,3,5,5,5,5,5,5,5,4,5,1,1,1,5,5, ,1,1000955,person955
956,5,1,3,4000,1,5,1,5,3,5,5,1,3,5,3,2,5,1,3,4, ,1,1000956,person956
957,5,24,3,5000,2,5,5,5,5,5,5,1,2,5,5,1,1,1,5,1, ,1,1000957,person957
958,1,24,6,7000,2,4,5,5,1,1,5,5,3,3,5,1,1,1,5,5, ,1,1000958,person958
959,5,24,2,5000,1.5,4,3,3,3,3,5,5,4,4,2,1,2,3,4,5, ,,1000959,person959
960,3,12,2,4000,1,3,2,4,5,3,1,5,2,4,3,1,5,1,5,3, ,1,1000960,person960
961,1,12,1,,1.5,2,1,1,3,3,1,5,4,2,3,4,3,3,3,4, ,,1000961,person961
962,5,24,3,5000,1.5,2,5,5,2,4,3,2,4,5,5,1,1,1,4,5, ,1,1000962,person962
963,5,6,3,2000,1,4,1,5,1,1,1,1,5,1,2,1,1,1,4,1, ,,1000963,person963
964,5,24,6,8000,2,5,5,5,4,5,5,5,2,4,4,1,5,1,5,5, ,0,1000964,person964
965,5,24,4,7000,2,5,3,5,5,3,5,5,1,5,5,2,2,1,3,5, ,1,1000965,person965
966,4,24,5,7000,1.5,5,5,3,2,2,5,5,1,2,2,3,2,4,3,5, ,1,1000966,person966
967,1,12,3,4000,1.5,3,5,5,4,5,5,5,4,5,5,3,3,1,4,5, ,1,1000967,person967
968,4,12,5,6000,1.5,2,3,5,2,1,5,5,2,1,4,1,1,1,3,3, ,,1000968,person968
969,5,1,3,6000,1.5,3,3,5,3,3,5,1,3,4,5,3,5,3,3,5, ,1,1000969,person969
970,2,6,4,3000,1.5,4,1,3,3,3,1,4,5,1,1,4,3,1,3,3, ,,1000970,person970
971,4,24,4,6000,1.5,2,4,4,4,5,1,5,1,5,3,2,3,1,3,4, ,1,1000971,person971
972,5,6,3,4000,1.5,4,2,4,5,5,2,1,3,2,4,3,3,1,3,2, ,1,1000972,person972
973,3,12,3,4000,1.5,4,1,5,2,3,1,3,4,5,3,3,1,5,1,1, ,1,1000973,person973
974,4,12,5,4000,2,5,4,5,5,4,2,5,5,2,2,2,1,1,4,3, ,0,1000974,person974
975,5,12,4,6000,1.5,2,3,3,5,4,3,5,5,5,5,1,1,1,5,4,Jerusalem ,1,1000975,person975
976,5,12,2,4000,1,1,4,4,4,2,3,3,4,1,3,2,1,1,2,2, ,1,1000976,person976
977,5,12,3,8000,1,1,1,4,4,5,4,4,4,5,3,1,1,2,2,2, ,,1000977,person977
978,5,12,3,4000,1.5,4,2,4,3,4,1,1,5,5,4,3,5,1,3,3, ,1,1000978,person978
979,5,12,5,3000,2,2,4,4,5,2,5,2,3,4,4,4,3,1,4,2, ,1,1000979,person979
980,5,12,4,3000,1,3,1,5,3,1,1,1,3,5,5,5,5,5,2,3, ,1,1000980,person980
981,5,24,5,7000,2,5,4,5,5,2,5,5,5,1,5,3,1,3,4,5, ,1,1000981,person981
982,5,24,2,4000,1.5,1,3,4,4,3,2,5,5,2,4,2,4,1,3,4, ,0,1000982,person982
983,5,12,3,5000,1.5,3,4,5,5,5,1,5,4,3,4,1,1,1,3,3, ,1,1000983,person983
984,5,12,4,7000,2,4,2,2,4,4,3,5,4,4,2,4,1,1,4,2, ,1,1000984,person984
985,3,12,4,4000,1,5,2,3,5,5,1,5,3,5,4,2,5,1,5,3, ,0,1000985,person985
986,4,12,2,4000,1,5,1,4,5,1,1,3,2,3,5,4,5,3,3,1, ,1,1000986,person986
987,5,24,4,5000,2,4,5,5,5,3,5,5,2,5,5,1,5,5,5,3, ,0,1000987,person987
988,3,12,4,6000,2,4,3,3,3,4,1,4,4,1,1,5,1,1,4,4, ,1,1000988,person988
989,3,12,4,3000,1.5,5,4,3,4,4,3,5,5,3,3,5,1,1,4,4,Jerusalem ,1,1000989,person989
990,5,12,3,4000,1.5,3,2,3,4,5,2,1,5,5,5,1,3,1,4,3,Tel aviv,1,1000990,person990
991,5,12,4,6000,1.5,3,5,5,1,5,2,5,5,4,5,4,4,2,5,5, ,1,1000991,person991
992,5,6,2,2000,1.5,5,3,3,5,5,1,5,3,1,4,1,1,2,3,3, ,1,1000992,person992
993,5,12,5,4000,1,5,1,2,2,1,1,4,2,2,4,1,1,1,1,3, ,1,1000993,person993
994,5,12,5,6000,1.5,4,1,3,4,2,1,3,3,1,1,4,1,1,1,3, ,1,1000994,person994
995,4,24,3,2000,2,4,1,3,5,1,5,5,4,3,5,1,3,3,3,3, ,1,1000995,person995
996,5,24,5,8000,2,3,5,5,5,5,5,5,2,3,5,1,5,1,5,5, ,1,1000996,person996
997,5,12,3,4000,1.5,2,3,5,4,4,2,5,4,5,3,1,4,1,5,1, ,1,1000997,person997
998,5,12,4,4000,2,2,1,5,5,5,5,5,4,3,3,1,1,1,5,5, ,1,1000998,person998
999,3,24,5,5000,1.5,4,3,5,5,5,5,5,5,1,5,1,5,3,5,5, ,,1000999,person999
1000,5,12,4,3000,1.5,5,3,1,4,4,1,5,2,5,1,1,1,1,4,3, ,1,1001000,person1000
1001,5,24,3,5000,2,5,5,5,5,4,5,1,1,5,5,2,5,4,5,4, ,1,1001001,person1001
1002,5,12,4,6000,2,3,4,3,3,5,2,5,1,3,4,5,3,1,3,3, ,1,1001002,person1002
1003,3,12,3,4000,1,5,2,2,2,2,1,3,4,1,1,2,1,3,2,1, ,1,1001003,person1003
1004,5,12,3,3000,1.5,3,1,3,4,5,3,5,2,2,2,4,3,2,4,3, ,,1001004,person1004
1005,5,12,2,2000,1,2,2,4,5,5,2,5,3,3,3,3,4,2,4,4, ,0,1001005,person1005
1006,5,12,3,3000,1,3,1,5,3,5,1,5,5,1,1,1,5,1,5,5, ,,1001006,person1006
1007,5,12,4,2000,2,4,2,5,5,5,2,1,1,3,3,3,5,5,3,5, ,1,1001007,person1007
1008,5,12,3,4000,1.5,2,2,5,1,5,2,1,3,5,5,4,5,4,4,5, ,1,1001008,person1008
1009,5,12,3,3000,1,4,5,5,5,5,5,5,4,5,5,5,5,1,5,5, ,1,1001009,person1009
1010,5,12,4,3000,2,4,3,3,5,5,4,1,5,2,2,4,2,1,3,4,Ariel,1,1001010,person1010
1011,3,12,3,4000,1,5,1,4,3,4,1,1,5,4,4,4,4,1,3,3, ,1,1001011,person1011
1012,5,12,3,4000,2,2,5,3,5,5,5,1,4,1,1,5,5,5,5,5, ,1,1001012,person1012
1013,4,12,3,4000,1,1,1,1,1,1,1,3,4,1,1,5,4,1,2,2,Merkaz,1,1001013,person1013
1014,5,12,4,3000,2,1,3,5,5,5,5,5,5,2,5,5,5,5,5,5, ,0,1001014,person1014
1015,5,12,3,4000,2,4,5,5,5,3,5,5,3,5,1,3,3,1,5,5, ,1,1001015,person1015
1016,2,12,5,4000,1,2,4,5,3,5,3,3,3,2,3,5,4,4,4,4, ,1,1001016,person1016
1017,1,12,3,4000,2,3,4,5,5,5,5,5,5,5,5,5,5,5,3,5, ,0,1001017,person1017
1018,2,12,4,3000,1.5,5,4,5,4,5,4,3,5,3,5,1,5,5,2,3, ,1,1001018,person1018
1019,1,12,4,5000,1,1,4,5,3,2,3,2,4,5,5,4,5,5,4,3, ,1,1001019,person1019
1020,1,12,4,4000,1.5,3,2,4,4,4,4,1,4,2,4,4,5,1,4,5, ,1,1001020,person1020
1021,3,12,5,4000,2,4,5,5,5,5,1,1,3,3,5,3,3,1,5,5, ,1,1001021,person1021
1022,5,12,2,3000,1,5,1,3,1,5,1,1,2,1,1,4,1,5,3,1, ,1,1001022,person1022
1023,2,12,3,2000,2,5,1,4,5,5,2,1,2,4,4,4,5,2,3,4, ,0,1001023,person1023
1024,5,12,4,2000,2,4,5,5,5,5,5,5,4,5,5,5,5,5,5,5, ,,1001024,person1024
1025,1,12,2,2000,1.5,4,1,5,3,5,1,4,5,3,4,4,4,2,5,1, ,0,1001025,person1025
1026,4,12,4,6000,2,5,4,4,4,4,4,1,5,5,5,2,5,5,4,4, ,1,1001026,person1026
1027,3,12,4,6000,1.5,3,3,4,4,5,3,3,3,5,5,1,4,1,3,3, ,1,1001027,person1027
1028,5,12,4,6000,2,3,3,5,5,3,5,3,2,1,5,1,1,1,4,5, ,,1001028,person1028
1029,1,12,5,4000,2,5,5,5,5,3,5,3,2,4,5,5,3,3,3,1,North,0,1001029,person1029
1030,4,12,5,2000,1,5,3,4,4,4,3,5,4,3,3,3,3,1,4,3, ,,1001030,person1030
1031,3,12,3,4000,1,4,2,4,4,3,1,1,5,4,4,3,1,2,3,4, ,1,1001031,person1031
1032,5,12,4,6000,1,4,2,5,1,3,1,1,5,1,5,1,3,1,5,1,Jerusalem ,1,1001032,person1032
1033,5,12,5,5000,2,3,3,3,5,5,5,5,5,3,3,1,1,1,4,3, ,1,1001033,person1033
1034,3,12,3,4000,2,2,5,4,1,1,4,2,3,3,5,1,1,1,1,5, ,0,1001034,person1034
1035,4,12,3,3000,1,2,4,5,5,5,4,1,2,5,5,4,5,1,5,4,Jerusalem ,1,1001035,person1035
1036,5,12,5,8000,2,4,4,5,5,5,5,1,3,5,5,1,3,3,3,5, ,1,1001036,person1036
1037,4,12,2,4000,1,5,1,3,4,3,1,2,4,4,4,1,1,1,4,1, ,1,1001037,person1037
1038,1,12,3,3000,1,5,1,5,1,5,1,1,2,5,1,5,3,5,4,1, ,1,1001038,person1038
1039,2,12,2,4000,1,3,1,5,5,5,1,2,4,4,5,5,1,1,4,5, ,,1001039,person1039
1040,1,12,5,3000,2,5,2,5,4,5,3,5,4,3,5,4,5,1,3,2, ,,1001040,person1040
1041,4,12,2,4000,1,3,1,4,4,2,1,1,5,5,1,4,4,2,2,3, ,,1001041,person1041
1042,1,12,3,4000,1,2,1,4,5,5,1,1,2,5,5,3,5,1,5,5, ,1,1001042,person1042
1043,3,12,3,2000,2,3,3,5,5,5,3,5,1,3,3,4,5,1,5,3, ,0,1001043,person1043
1044,5,12,5,6000,2,4,4,4,5,4,4,4,1,4,5,3,3,3,4,4, ,1,1001044,person1044
1045,1,12,3,4000,1.5,2,3,5,3,1,3,3,4,1,3,3,3,3,3,2, ,,1001045,person1045
1046,5,12,2,3000,1,4,2,5,3,5,1,5,2,4,4,1,1,3,5,5,Jerusalem ,1,1001046,person1046
1047,5,12,4,3000,1.5,4,1,3,4,5,1,5,3,5,5,4,3,2,4,2,Jerusalem ,1,1001047,person1047
1048,4,12,4,2000,1.5,5,1,3,3,4,1,5,5,2,2,4,1,2,4,1, ,1,1001048,person1048
1049,4,12,4,3000,1.5,2,4,4,5,5,4,1,1,3,4,4,2,3,3,4, ,1,1001049,person1049
1050,4,12,3,4000,1,1,1,4,2,2,1,1,3,4,4,1,3,1,4,1, ,1,1001050,person1050
1051,5,12,3,5000,1,1,3,3,1,4,1,1,4,2,5,3,4,3,4,1, ,1,1001051,person1051
1052,3,12,3,6000,1.5,4,2,3,5,3,2,3,5,4,3,3,3,1,4,3, ,1,1001052,person1052
1053,5,12,3,6000,1.5,2,3,5,4,1,1,1,5,4,5,4,4,1,4,1, ,1,1001053,person1053
1054,3,12,3,4000,1,3,2,3,3,3,5,1,4,3,3,4,4,4,4,3,Jerusalem ,1,1001054,person1054
1055,4,12,4,3000,2,5,1,4,5,5,1,5,4,4,5,5,1,5,5,4, ,1,1001055,person1055
1056,2,12,2,4000,1,1,1,1,1,5,1,1,5,5,5,5,1,1,3,4, ,1,1001056,person1056
1057,5,12,3,3000,2,3,2,4,5,3,1,1,3,3,3,4,3,1,4,1, ,1,1001057,person1057
1058,5,12,3,7000,1,4,1,5,3,4,1,1,3,4,4,4,3,4,4,2, ,1,1001058,person1058
1059,4,12,2,4000,1,5,1,3,4,4,1,1,5,5,5,3,1,1,3,1, ,1,1001059,person1059
1060,4,12,2,2000,1,5,1,3,3,4,1,5,5,4,5,4,1,1,2,3, ,1,1001060,person1060
1061,5,12,4,4000,2,4,1,4,5,3,3,3,4,1,2,1,1,3,3,3, ,,1001061,person1061
1062,2,12,3,4000,2,4,4,4,5,5,4,5,4,3,5,4,4,1,4,5, ,1,1001062,person1062
1063,5,12,3,6000,1,5,2,5,5,4,1,5,3,4,5,3,1,1,4,4, ,1,1001063,person1063
1064,4,12,3,4000,1,3,2,5,5,4,2,4,2,4,5,1,1,2,4,5, ,,1001064,person1064
1065,1,12,1,4000,1,3,1,5,1,5,1,1,2,1,5,3,1,3,3,1, ,1,1001065,person1065
1066,5,12,3,6000,1.5,5,3,5,5,5,3,1,4,4,4,3,5,1,4,3, ,1,1001066,person1066
1067,5,12,3,6000,1,5,1,5,5,3,3,5,5,1,3,5,5,5,5,3, ,,1001067,person1067
1068,2,12,3,6000,1.5,4,4,4,4,3,2,3,5,5,3,3,3,2,3,4,Jerusalem ,1,1001068,person1068
1069,5,12,3,3000,2,4,3,4,4,4,2,5,3,3,4,4,1,2,4,5, ,0,1001069,person1069
1070,3,12,3,,1.5,3,4,4,5,4,3,5,3,4,4,3,1,2,3,3, ,1,1001070,person1070
1071,3,12,3,2000,1.5,2,4,4,1,5,1,1,2,1,5,3,1,5,4,3, ,1,1001071,person1071
1072,1,12,4,5000,2,2,4,5,3,5,5,5,2,4,4,2,2,1,4,5, ,1,1001072,person1072
1073,3,12,5,3000,1,4,1,4,1,4,1,1,3,1,1,5,1,1,1,1,Merkaz,1,1001073,person1073
1074,3,12,3,7000,1,5,1,5,2,4,1,1,1,4,4,2,5,1,4,5, ,1,1001074,person1074
1075,3,12,4,7000,1,5,4,5,5,2,3,1,5,5,5,1,3,1,5,4, ,1,1001075,person1075
1076,5,12,3,6000,2,3,2,4,5,5,2,1,1,5,5,1,5,5,4,3, ,1,1001076,person1076
1077,4,12,2,4000,1,3,1,4,4,4,1,1,1,2,5,2,5,2,4,3, ,1,1001077,person1077
1078,5,12,2,4000,1,2,1,3,5,4,4,1,3,5,5,4,5,5,4,2, ,1,1001078,person1078
1079,3,12,3,4000,1.5,2,2,4,3,4,1,2,2,4,3,2,1,1,4,1, ,1,1001079,person1079
1080,5,12,3,4000,1,3,1,4,4,5,3,1,1,4,5,3,1,1,4,5, ,1,1001080,person1080
1081,5,12,3,3000,1.5,1,2,4,5,4,1,1,4,4,5,4,1,2,5,2, ,1,1001081,person1081
1082,5,12,3,4000,1.5,5,1,3,4,3,1,1,1,4,4,4,1,1,3,3,Jerusalem ,1,1001082,person1082
1083,4,12,2,4000,1,1,3,4,2,4,2,4,3,2,2,4,1,2,3,2, ,1,1001083,person1083
1084,5,12,5,6000,1,1,2,3,2,4,3,3,1,3,3,3,3,3,3,3, ,,1001084,person1084
1085,5,12,3,3000,1,3,2,4,4,4,1,1,1,3,2,1,1,1,3,1, ,,1001085,person1085
1086,3,12,4,2000,2,2,1,4,4,5,1,2,2,5,5,4,1,1,4,4, ,1,1001086,person1086
1087,4,12,2,4000,1,1,3,3,4,5,1,1,3,5,5,4,1,1,4,2, ,1,1001087,person1087
1088,5,12,3,4000,1.5,4,2,4,1,5,1,1,1,4,5,5,1,1,4,3,Beer Sheba,1,1001088,person1088
1089,3,12,3,3000,1.5,1,2,4,5,4,3,1,1,3,3,4,1,4,3,1, ,0,1001089,person1089
1090,5,12,4,4000,1.5,3,3,5,1,5,3,1,1,3,5,5,5,5,5,3, ,0,1001090,person1090
1091,1,12,3,5000,1,1,1,1,2,2,1,3,1,3,3,2,2,2,2,2, ,,1001091,person1091
1092,5,12,3,4000,1,1,1,4,1,4,1,5,3,3,5,3,5,5,3,5,Ariel,1,1001092,person1092
1093,5,12,4,7000,1,2,1,5,4,3,1,5,3,2,3,5,1,3,4,1, ,1,1001093,person1093
1094,3,12,5,2000,1.5,3,5,5,4,5,5,5,1,3,3,4,1,1,4,1, ,,1001094,person1094
1095,3,12,3,4000,1,1,4,4,1,2,1,1,1,4,4,3,3,1,4,1, ,0,1001095,person1095
1096,2,12,2,3000,1.5,1,1,5,5,4,1,1,1,5,5,1,5,5,5,5, ,,1001096,person1096
1097,3,12,3,8000,1,1,1,1,3,5,1,1,5,4,5,4,1,1,4,3,Merkaz,1,1001097,person1097
1098,5,12,3,6000,2,1,5,5,5,5,5,5,1,1,1,5,1,1,5,5, ,0,1001098,person1098
1099,3,12,2,4000,1,3,1,5,3,3,1,1,1,5,5,4,1,1,2,3, ,1,1001099,person1099
1100,1,12,4,4000,2,3,4,5,5,5,1,1,1,2,3,5,1,5,5,5, ,1,1001100,person1100
1101,3,12,2,4000,1,1,2,5,3,4,3,5,5,2,3,5,3,3,4,3, ,1,1001101,person1101
1102,3,12,3,5000,1,1,1,2,4,5,1,1,1,5,5,5,1,1,3,2, ,1,1001102,person1102
1103,5,,4,5000,2,1,1,5,5,2,1,5,1,4,3,2,1,1,4,3,Otef Azza,0,1001103,person1103
1104,3,12,2,3000,1,5,4,3,4,2,3,2,3,2,2,2,2,5,3,3, ,1,1001104,person1104
1105,5,12,5,6000,2,1,5,5,5,5,5,5,3,4,1,3,1,4,5,5, ,1,1001105,person1105
1106,1,12,3,3000,1,1,3,3,3,3,1,5,2,4,4,4,1,1,2,1, ,1,1001106,person1106
1107,5,12,3,2000,1,1,2,5,5,5,2,4,2,1,3,5,4,5,4,4, ,,1001107,person1107
1108,3,12,3,5000,1.5,5,4,4,3,4,3,5,3,4,4,3,1,1,3,5, ,1,1001108,person1108
1109,4,12,5,4000,1,1,4,5,5,4,3,2,1,5,4,3,3,1,5,5,Otef Azza,0,1001109,person1109
1110,3,12,3,4000,1,1,1,4,1,5,1,1,5,5,5,1,1,1,3,1, ,1,1001110,person1110
1111,4,12,3,4000,2,3,3,5,4,5,1,5,1,4,5,1,5,1,4,3, ,,1001111,person1111
1112,4,12,4,2000,2,3,1,3,4,3,1,5,1,4,4,3,1,1,4,2, ,1,1001112,person1112
1113,4,12,3,3000,1,2,2,3,4,3,1,1,3,5,5,1,1,1,3,1, ,,1001113,person1113
1114,3,12,3,4000,2,2,4,4,5,5,3,3,2,5,5,1,5,5,5,5, ,1,1001114,person1114
1115,3,12,4,4000,2,3,1,5,5,4,1,1,1,5,1,3,5,5,3,5, ,1,1001115,person1115
1116,5,12,3,5000,1.5,1,1,4,3,5,1,1,4,5,5,1,5,1,3,1, ,1,1001116,person1116
1117,3,12,3,4000,1,5,3,5,3,1,1,1,1,4,5,1,5,2,3,3,Merkaz,1,1001117,person1117
1118,5,12,3,3000,1,1,1,5,5,5,1,3,3,5,5,1,1,1,4,1, ,1,1001118,person1118
1119,5,12,4,4000,2,1,1,2,1,5,1,5,1,1,5,5,1,1,5,1, ,1,1001119,person1119
1120,3,12,4,4000,2,3,1,5,5,5,1,1,1,1,1,4,3,3,4,4, ,1,1001120,person1120
1121,5,12,4,4000,1.5,2,1,5,4,3,2,5,2,5,5,2,5,1,4,5, ,1,1001121,person1121
1122,5,12,4,8000,1,1,1,3,2,4,1,4,3,5,5,1,1,1,1,5, ,,1001122,person1122
1123,3,12,3,4000,1,4,1,5,4,4,1,1,1,1,5,3,5,5,3,3, ,1,1001123,person1123
1124,3,12,3,4000,1,1,1,5,3,4,1,1,1,3,3,1,4,1,3,1, ,1,1001124,person1124
1125,3,12,3,3000,1,3,2,3,4,4,2,5,1,5,5,3,1,1,4,3,Otef Azza,0,1001125,person1125
1126,5,12,3,4000,1.5,1,4,5,4,4,2,1,1,2,3,5,5,4,4,5, ,1,1001126,person1126
1127,5,12,2,4000,1,1,3,3,5,5,5,1,3,5,4,4,5,5,5,3, ,1,1001127,person1127
1128,5,12,3,4000,1,2,2,4,3,4,1,1,3,4,4,1,4,1,3,1,Jerusalem ,1,1001128,person1128
1129,5,12,3,3000,1,3,3,5,4,5,1,5,1,4,5,1,1,1,4,1,Otef Azza,0,1001129,person1129
1130,5,12,2,4000,1,1,1,3,5,3,1,1,1,4,5,2,5,1,3,2,Jerusalem ,1,1001130,person1130
1131,5,12,4,3000,1,1,2,2,4,5,2,1,1,3,5,3,5,5,5,4,Beer Sheba,1,1001131,person1131
1132,5,12,3,4000,1,1,1,5,3,1,1,1,5,4,5,1,5,3,3,1,Jerusalem ,1,1001132,person1132
1133,3,12,3,7000,1,1,1,4,5,5,3,1,1,4,5,1,5,1,4,4,Merkaz,1,1001133,person1133
1134,5,12,3,3000,1,3,1,3,5,5,1,1,1,5,5,5,3,1,4,4, ,1,1001134,person1134
1135,3,12,2,3000,1,3,1,1,3,2,1,1,1,1,2,1,5,3,2,3, ,1,1001135,person1135
1136,3,12,2,2000,1,1,2,2,4,2,1,5,5,3,4,4,3,1,1,2,Otef Azza,0,1001136,person1136
1137,3,12,3,3000,1,1,3,5,3,1,1,1,1,3,3,5,3,3,2,5, ,1,1001137,person1137
1138,3,12,4,4000,1,1,1,4,4,3,1,4,1,5,5,1,1,2,4,3,Jerusalem ,1,1001138,person1138
1139,1,12,4,6000,2,5,2,5,3,3,4,1,3,3,2,1,1,3,4,2, ,1,1001139,person1139
1140,3,12,4,4000,1.5,1,2,4,5,4,2,1,3,2,4,1,1,1,4,5, ,1,1001140,person1140
1141,3,12,2,2000,1,1,1,5,5,5,1,1,2,4,5,2,1,1,5,1, ,,1001141,person1141
1142,1,12,5,4000,1.5,1,3,5,4,5,2,1,2,3,3,2,5,4,3,1, ,1,1001142,person1142
1143,2,12,4,3000,2,5,5,5,4,5,2,2,3,5,5,5,5,5,5,5, ,,1001143,person1143
1144,1,12,3,5000,1,1,1,5,4,5,1,1,1,5,5,5,3,4,3,5, ,1,1001144,person1144
1145,5,12,5,3000,2,1,1,4,3,1,2,1,5,4,3,3,1,2,3,1, ,1,1001145,person1145
1146,5,12,4,2000,1,3,1,3,5,5,1,1,1,1,1,5,5,1,4,2, ,,1001146,person1146
1147,2,12,5,7000,1.5,3,4,5,4,5,4,3,1,4,4,3,5,1,4,5, ,0,1001147,person1147
1148,4,12,3,5000,1,3,3,4,3,3,3,1,3,2,5,4,1,2,4,1, ,1,1001148,person1148
1149,5,12,4,3000,1.5,2,1,3,4,4,1,1,2,1,4,4,1,1,2,1, ,1,1001149,person1149
1150,3,12,2,3000,1,2,2,3,3,5,1,1,1,2,4,5,2,1,2,2,Merkaz,1,1001150,person1150
1151,5,12,4,4000,1.5,3,3,5,5,4,2,1,4,5,5,3,5,5,4,3,Jerusalem ,1,1001151,person1151
1152,3,12,3,3000,1,1,1,3,2,5,1,1,1,4,5,2,1,4,1,1, ,1,1001152,person1152
1153,4,12,3,2000,1.5,5,1,2,5,5,1,5,3,4,4,5,3,1,3,1, ,1,1001153,person1153
1154,5,12,3,3000,1,1,1,4,5,5,3,4,1,5,5,4,1,1,4,5, ,1,1001154,person1154
1155,1,12,2,3000,1.5,1,1,3,5,4,2,1,1,4,4,5,1,4,5,5, ,1,1001155,person1155
1156,4,12,3,5000,2,3,1,5,3,3,1,1,2,3,3,3,5,3,3,3, ,1,1001156,person1156
1157,1,12,3,5000,1,2,1,5,4,4,1,1,3,5,5,1,1,5,3,5, ,1,1001157,person1157
1158,5,12,4,3000,1,1,1,4,5,5,1,1,1,5,5,5,5,1,3,4, ,1,1001158,person1158
1159,3,12,3,4000,2,4,1,4,3,4,5,4,1,4,5,3,3,5,5,3, ,1,1001159,person1159
1160,3,12,2,3000,1,1,3,3,5,3,1,1,1,1,3,5,1,5,1,5, ,0,1001160,person1160
1161,3,12,3,3000,1,3,1,1,3,4,1,4,1,3,2,1,1,3,3,2,Ariel,,1001161,person1161
1162,5,12,3,4000,1,1,4,4,5,5,1,5,3,5,5,1,1,5,5,1, ,1,1001162,person1162
1163,3,12,3,3000,1.5,1,2,4,3,3,2,4,3,4,4,4,4,2,3,3, ,0,1001163,person1163
1164,5,12,2,4000,1,2,1,4,3,5,1,3,1,5,5,5,1,1,4,3,Jerusalem ,1,1001164,person1164
1165,3,12,3,4000,1,3,1,3,4,4,1,1,1,5,5,3,5,3,4,1, ,1,1001165,person1165
1166,1,12,5,8000,2,1,2,5,5,3,5,1,1,2,5,1,5,2,5,1, ,1,1001166,person1166
1167,3,12,4,7000,2,1,1,5,3,5,5,5,5,5,5,5,1,1,4,4,Jerusalem ,1,1001167,person1167
1168,5,12,3,5000,1,1,1,4,1,4,1,1,1,5,5,4,1,1,3,1, ,1,1001168,person1168
1169,4,12,4,7000,1,1,1,3,3,4,1,1,1,4,4,4,5,4,4,2, ,1,1001169,person1169
1170,4,12,5,2000,1.5,3,4,5,5,4,1,5,1,5,5,4,1,2,5,4, ,,1001170,person1170
1171,4,12,4,5000,1,3,1,1,2,4,1,4,5,4,5,3,1,1,2,1,Jerusalem ,1,1001171,person1171
1172,5,12,3,4000,1,1,2,1,1,4,1,1,1,3,5,3,5,5,4,1, ,1,1001172,person1172
1173,3,12,3,4000,1,1,1,5,5,4,1,1,1,5,5,1,5,1,1,1, ,1,1001173,person1173
1174,5,12,3,4000,1,1,2,5,5,5,1,1,5,5,1,4,2,1,3,1, ,1,1001174,person1174
1175,4,12,3,6000,1,5,1,4,3,4,3,2,3,4,5,3,2,1,4,2, ,1,1001175,person1175
1176,1,12,2,4000,1,1,3,4,5,5,1,5,1,5,5,1,5,1,4,5, ,1,1001176,person1176
1177,5,12,4,4000,1,1,3,4,4,2,3,1,5,4,3,4,1,2,3,4,Merkaz,1,1001177,person1177
1178,5,12,3,4000,1,3,3,5,5,5,1,1,3,5,5,1,5,5,4,5,Merkaz,1,1001178,person1178
1179,3,12,3,5000,1.5,3,1,4,3,5,1,1,3,2,1,3,1,3,1,4, ,1,1001179,person1179
1180,3,12,2,4000,1,3,1,3,1,4,1,1,3,5,4,4,2,2,4,1,Merkaz,1,1001180,person1180
1181,3,12,3,6000,1,1,1,4,4,5,1,1,5,5,3,4,1,1,3,3, ,1,1001181,person1181
1182,5,12,3,6000,1,1,5,5,5,5,1,1,1,5,5,3,5,1,4,1, ,0,1001182,person1182
1183,5,12,3,6000,1.5,1,1,4,3,2,1,1,2,3,5,4,3,2,4,2, ,1,1001183,person1183
1184,4,12,3,4000,1,5,2,3,4,2,1,1,4,4,4,2,2,1,3,2, ,1,1001184,person1184
1185,3,12,4,3000,2,1,2,5,3,5,3,4,5,2,2,1,3,5,5,3, ,,1001185,person1185
1186,5,12,3,4000,1,2,1,2,3,4,1,1,3,4,5,1,3,3,4,3, ,1,1001186,person1186
1187,4,12,2,4000,1,2,1,1,3,5,1,3,1,5,5,5,1,1,3,1, ,1,1001187,person1187
1188,5,12,2,3000,1.5,1,1,5,3,3,1,5,5,3,5,5,4,3,4,1, ,,1001188,person1188
1189,5,12,3,4000,1,1,1,5,5,5,2,1,3,1,3,2,4,4,4,3, ,1,1001189,person1189
1190,3,12,2,3000,1,1,1,3,2,2,1,2,3,5,3,4,1,3,3,1, ,,1001190,person1190
1191,3,12,2,4000,1,1,1,4,3,4,3,4,3,3,3,2,1,3,4,1, ,1,1001191,person1191
1192,5,12,5,2000,2,1,3,3,5,4,4,3,5,3,3,4,3,1,3,4, ,1,1001192,person1192
1193,4,12,3,3000,1,1,1,5,4,5,1,4,1,3,5,3,1,4,4,2,Merkaz,1,1001193,person1193
1194,5,12,2,3000,1,4,1,5,5,5,5,1,2,5,5,5,5,5,3,3, ,1,1001194,person1194
1195,5,12,4,2000,2,3,1,5,4,5,1,5,4,1,1,5,1,3,5,3, ,1,1001195,person1195
1196,4,12,3,4000,1,1,1,4,2,3,1,1,2,2,5,1,1,1,4,1,Jerusalem ,1,1001196,person1196
1197,5,12,3,4000,1.5,2,2,5,5,4,4,1,2,4,3,5,4,1,4,3,Ariel,,1001197,person1197
